目的地,天数,出发日期,返回日期,预算,旅行风格,同行人数,兴趣偏好,饮食限制,行程方案
东京,7,2026-04-01,2026-04-07,18000,舒适型,2,"美食;文化;购物",不限制,
巴黎,6,2026-05-10,2026-05-15,25000,豪华型,2,"美食;文化",不限制,
巴厘岛,8,2026-06-20,2026-06-27,12000,经济型,4,"自然;亲子;美食",不限制,
纽约,5,2026-07-03,2026-07-07,30000,豪华型,1,"文化;购物",不限制,
曼谷,6,2026-03-15,2026-03-20,8000,经济型,3,"美食;购物;文化",清真,
罗马,7,2026-09-01,2026-09-07,16000,舒适型,2,"文化;美食",素食,
京都,5,2026-11-10,2026-11-14,14000,舒适型,2,"文化;自然;美食",不限制,
巴塞罗那,6,2026-08-08,2026-08-13,15000,舒适型,4,"美食;文化;亲子",不限制,
首尔,5,2026-10-01,2026-10-05,9000,经济型,2,"美食;购物;文化",不限制,
新加坡,4,2026-12-20,2026-12-23,20000,豪华型,3,"美食;购物;亲子",清真,
马尔代夫,7,2026-02-14,2026-02-20,45000,豪华型,2,"自然",不限制,
伦敦,6,2026-04-18,2026-04-23,22000,舒适型,2,"文化;购物",素食,