汉字,字体,分量权重,中宫收紧,斜度影响,偏上偏差,偏右偏差,对比字,分析图片
源,楷书,0,-60,0,0,100,,{c7a4943e-af94-4b5e-86bc-18c9766874e7}.png
永,楷书,1.00,0.72,0.18,0.06,-0.02,水,
中,宋体,1.00,0.85,0.00,0.00,0.00,田,
国,黑体,1.00,0.78,0.00,0.01,0.00,园,
人,仿宋,0.92,0.35,0.42,0.08,0.01,入,
木,明体,1.08,0.64,0.08,0.04,-0.01,本,
心,思源宋,0.88,0.46,0.28,-0.05,0.04,必,
山,楷书,1.04,0.58,0.06,0.03,0.00,出,
飞,宋体,0.96,0.40,0.55,0.02,0.07,风,
龙,黑体,1.12,0.52,0.36,0.05,0.06,龟,
之,仿宋,0.90,0.38,0.48,-0.03,0.05,义,
雨,明体,1.06,0.76,0.02,0.07,0.00,雪,
月,思源宋,0.98,0.69,0.04,0.02,-0.03,日,
