记录内容,图片,文件,处理结果
购买笔记本电脑，支出6500元,,,{d5963e32-83e2-4469-b496-5b1a7fc8669f}.md
购买办公用品，支出500元,,,已保存支出记录：办公用品 500元
出货产品A 10箱至客户张三,,出货单001.pdf,已完成出货登记：产品A 10箱，客户张三
系统启动运行日志 2024-05-01,,log_0501.txt,已归档运行日志：系统正常启动
归档产品宣传图片 3张,"photo1.jpg,photo2.jpg,photo3.jpg",,已归档图片3张至宣传文件夹
查询本月支出总额,,,已汇总本月支出：共12500元
汇总本周出货数据,,,已生成汇总报告：出货总量85箱
记录设备维护日志：更换滤芯,是,,,已保存运行日志：设备维护完成
上传合同扫描件归档,,合同2024.pdf,已归档文件：合同2024.pdf
其他：记录天气备注：今日多云,,,已保存其他记录：天气多云
支出差旅费 1200元，附发票,invoice.jpg,,已保存支出记录：差旅费 1200元
出货产品B 5箱，附出库单,,出库单002.pdf,已完成出货登记：产品B 5箱
查询上月出货明细,,,已返回查询结果：上月出货120箱
