课题,年级,课时,教学目标,重点难点,学情说明,教案内容
"10以内数的认识","一年级",1,"1.认识10以内的数，能正确数出数量在10以内的物体个数；2.会读写0-10各数，理解数的顺序和大小比较；3.初步建立数感，体会数与生活的联系。","重点：正确读写0-10的数，理解数的顺序；难点：区分基数与序数的含义，建立数的大小观念。","学生刚入学，对生活中的数字有初步感知，但抽象计数和符号书写能力较弱，注意力集中时间短，需借助实物和游戏。","【概念建构】
情境引入：出示教室里10个小朋友排队的图片，问“一共有几个小朋友？”引导学生点数。
抽象：从实物（苹果、小棒）抽象出数字符号1-10。
命名：教读数、写数，认识“0”表示没有。
辨析：比较“3个苹果”与“第3个苹果”，区分基数与序数。
【例题示范】
例1：数出图中有几只小鸟并写下来。
思路：从左到右或从上到下有序点数，对应数字。
步骤：1.指物点数；2.说出总数；3.书写数字。
易错点：漏数、多数或数字书写不规范（如6与9混淆）。
【变式训练】
一题多解：用小棒摆出“5”，可以说“5根”“第5根”等不同说法。
多题一解：数不同物体（铅笔、书本）都用“从1数到总数”的方法。
变条件：从“有几个”变为“第几个是红色”，体会序数。
【课堂小结】
结构图：实物→点数→数字→顺序/大小。
口诀：从1数到10，一个都不能少；写数要工整，0不能忘掉。
反思：今天学会了什么数？生活中哪里用到这些数？
常见错因预防：点数时强调“手口一致”，书写时示范笔顺，用“比大小卡片”及时纠正顺序错误。"
"表内乘法（2-5的乘法口诀）","二年级",2,"1.理解乘法的意义，编制并熟记2-5的乘法口诀；2.能正确运用口诀计算表内乘法；3.培养初步的推理和记忆能力。","重点：编制和记忆2-5的乘法口诀；难点：理解口诀来源，灵活运用解决实际问题。","学生已掌握加法，对“几个几相加”有基础，但抽象成乘法式子和记忆口诀需要反复练习，部分学生易混淆相近口诀。","【概念建构】
情境引入：小明有3个盘子，每个盘子放2个苹果，一共几个？用加法算3个2相加。
抽象：引出乘法算式2×3=6，认识“×”号。
命名：编制口诀“二三得六”。
辨析：比较2×3与3×2，理解交换律初步感知。
【例题示范】
例：用口诀计算4×5。
思路：回忆“四五二十”口诀。
步骤：1.找对应口诀；2.写出得数；3.验算（用加法4+4+4+4+4）。
易错点：口诀背错（如四五十八）、乘数顺序颠倒导致找错口诀。
【变式训练】
一题多解：5×3可用“三五十五”或“五三十五”。
多题一解：2×4、4×2、3×3等都用口诀直接得。
变条件：从“每个2个，3个”变为“一共几个”或“已知积求一个因数”。
【课堂小结】
结构图：几个几相加→乘法算式→口诀→应用。
口诀：二三得六四五二十，天天背诵记得牢。
反思：哪句口诀最容易错？怎么记更牢？
常见错因预防：制作口诀卡片，同桌互背；强调“小数在前”的记法习惯；用实物验证易混口诀。"
"分数的初步认识","三年级",1,"1.初步认识分数，理解几分之一的含义；2.会读写简单分数，能用分数表示图形的部分；3.感受分数与生活的联系，培养数感。","重点：理解几分之一的意义；难点：建立分数的直观模型，理解“平均分”。","学生已掌握整数和平均分概念，但对“部分与整体”的抽象表示较陌生，容易把分数与除法混淆，需大量直观操作。","【概念建构】
情境引入：把一个蛋糕平均分给2个小朋友，每人得多少？引出“一半”。
抽象：用阴影表示圆形的1/2。
命名：认识分数各部分名称（分子、分母、分数线），读写1/2、1/3等。
辨析：比较“平均分成2份取1份”与“不平均分”，强调“平均分”是关键。
【例题示范】
例：用阴影表示长方形的1/4。
思路：先平均分成4份，再取其中1份涂色。
步骤：1.判断是否平均分；2.确定分母；3.涂色表示分子。
易错点：分成的份数不相等、涂色份数错误、读写时分子分母颠倒。
【变式训练】
一题多解：同一个1/3可以用圆、长方形、线段等不同图形表示。
多题一解：1/2、1/4、1/8都用“平均分再取份”的方法。
变条件：从“取1份”变为“取2份”（认识几分之几）、从图形变为实物（苹果、绳子）。
【课堂小结】
结构图：平均分→取几份→分数（分子/分母）。
口诀：平均分最重要，分母在下分子上，读写仔细莫颠倒。
反思：生活中哪些地方用到分数？（半个、四分之一）
常见错因预防：操作时强调“对折”保证平均；对比“半个”与“一半的一半”；用“分蛋糕游戏”纠正不平均错误。"
"平行四边形和梯形的认识","四年级",1,"1.认识平行四边形和梯形的特征；2.会辨认和画这两种图形，理解它们与长方形、正方形的关系；3.发展空间观念和观察比较能力。","重点：掌握平行四边形对边平行且相等、梯形只有一组对边平行的特征；难点：理解平行四边形的不稳定性，正确画出高。","学生已认识长方形、正方形、三角形，有一定的平行和垂直概念，但空间想象和准确画图能力还需加强，易混淆特征。","【概念建构】
情境引入：出示推拉门、梯子图片，观察有什么共同特点。
抽象：从实物抽象出平行四边形、梯形的几何图形。
命名：定义“两组对边分别平行的四边形叫平行四边形”“只有一组对边平行的四边形叫梯形”。
辨析：用七巧板或吸管动手拼，比较平行四边形与长方形、梯形的异同。
【例题示范】
例：判断下列图形哪些是平行四边形，并画出一组高。
思路：检查对边是否平行，再过顶点作对边的垂线。
步骤：1.用量角器或三角板验证平行；2.确定底；3.画高并标直角符号。
易错点：把梯形误判为平行四边形、高画在图形外面时不知如何处理、漏标直角。
【变式训练】
一题多解：同一个平行四边形可以选取不同的底画高。
多题一解：判断多个四边形是否属于平行四边形/梯形，统一用“对边平行”标准。
变条件：从静态图形变为动态（拉动长方形框架变成平行四边形），体会不稳定性。
【课堂小结】
结构图：四边形→对边平行情况→平行四边形（两组）/梯形（一组）→高。
口诀：平行四边形对边平行又相等，梯形只有一组平行边，画高垂直要记牢。
反思：生活中哪些物体是这些形状？它们有什么作用？
常见错因预防：提供活动角框架让学生拉一拉；强调“平行用三角板平移法验证”；画高时先示范“底在上面”的情况。"
"分数加减法（同分母）","五年级",1,"1.理解同分母分数加减法的算理，掌握计算方法；2.能正确计算并解决简单实际问题；3.培养数感和逻辑推理能力。","重点：同分母分数加减法的计算法则；难点：理解“分母不变，分子相加减”的算理，结果约分。","学生已认识分数意义和通分，但对“分数单位”理解不深，计算时易出现分子分母一起加减的错误，需强化直观模型。","【概念建构】
情境引入：吃了3/8个西瓜，又吃了2/8个，一共吃了多少？
抽象：用分数墙或圆形图表示3/8+2/8。
命名：总结法则“同分母分数相加减，分母不变，分子相加减”。
辨析：比较整数加减与分数加减的异同，强调“相同单位才能直接加减”。
【例题示范】
例：计算5/12+4/12，并约分。
思路：分子相加，分母不变，再看结果能否约分。
步骤：1.写5/12+4/12=（5+4）/12；2.得9/12；3.约分成3/4。
易错点：分母也相加、结果未约分、计算时分子加减错误。
【变式训练】
一题多解：3/8+1/8可用图示法、分数单位法、法则法。
多题一解：多个同分母加减题都用同一法则。
变条件：从加法变为减法、从真分数变为带分数、结果出现假分数需化带分数。
【课堂小结】
结构图：分数单位相同→分子加减→约分/化简。
口诀：分母不变分子加，能约分时要约分，结果化成最简分。
反思：为什么分母不能加减？用分数单位解释。
常见错因预防：始终用“阴影图”验证算理；强调“先看分母是否相同”；设计“找错题”活动纠正分子分母同加错误。"
"圆的面积","六年级",2,"1.理解圆面积公式的推导过程，掌握圆面积计算公式；2.能正确计算圆的面积并解决实际问题；3.体会“化曲为直”的极限思想，培养转化能力。","重点：圆面积公式S=πr的推导与应用；难点：理解拼成近似长方形的过程及公式来源。","学生已掌握圆的周长、长方形面积，有转化思想基础，但对无限细分和极限概念理解有难度，计算时易混淆半径与直径。","【概念建构】
情境引入：如何测量一个圆形花坛的面积？能不能剪拼成学过的图形？
抽象：把圆平均分成16、32份，拼成近似长方形。
命名：推导S=πr，认识公式中各字母含义。
辨析：比较圆周长与面积公式，区分“2πr”与“πr”。
【例题示范】
例：已知圆的半径是5cm，求面积（π取3.14）。
思路：直接代入公式S=πr。
步骤：1.确认r=5；2.计算5=25；3.3.14×25=78.5；4.写单位cm。
易错点：把直径当半径、π取值错误、平方计算错、漏写单位。
【变式训练】
一题多解：已知直径求面积，可先求r再代入，或用S=π(d/2)。
多题一解：多个求面积题都用S=πr。
变条件：从已知r变为已知周长求面积、从整圆变为半圆或环形。
【课堂小结】
结构图：圆→等分→拼成长方形→长=πr、宽=r→S=πr。
口诀：圆面积，πr，半径平方乘π记。
反思：为什么分的份数越多越接近长方形？转化思想还有哪些应用？
常见错因预防：用教具反复演示拼图过程；强调“先平方再乘π”的顺序；设计“半径直径互换陷阱题”强化审题。"
"有理数的加减法","七年级",2,"1.理解有理数加减法的意义和法则；2.能正确进行有理数加减运算，并解决实际问题；3.培养数感和运算能力，体会数轴直观作用。","重点：有理数加法法则和减法向加法转化；难点：异号两数相加的符号与绝对值处理，去括号变号。","学生小学已学正数加减，对负数陌生，符号处理易出错，数轴工具需熟练运用，部分学生计算粗心。","【概念建构】
情境引入：温度从-3℃上升5℃，现在多少度？用数轴表示。
抽象：归纳同号相加、异号相加的法则。
命名：明确“和的符号”“绝对值相加减”。
辨析：比较(+3)+(-5)与(+3)-(-5)，理解减法意义。
【例题示范】
例：计算(-8)+(+3)-(-5)。
思路：先算加法，再把减法转化为加法。
步骤：1.(-8)+3=-5；2.-5-(-5)=-5+5=0。
易错点：符号判断错、绝对值大的反而取小、去括号漏变号。
【变式训练】
一题多解：(-6)+4可用数轴法、法则法、计算器验证。
多题一解：多个加减混合题统一“先定号再算绝对值”。
变条件：从两个数变为三个数、从纯计算变为实际问题（盈亏、海拔）。
【课堂小结】
结构图：有理数加减→同号/异号法则→减法变加法→去括号。
口诀：同号相加一边倒，异号相加“大减小”，符号跟着大的跑；减去一个数，等于加相反。
反思：为什么要学有理数加减？生活中有哪些应用？
常见错因预防：强制要求画数轴辅助；强调“先看符号再动笔”；设计“符号陷阱”专项练习。"
"一次函数的图像与性质","八年级",2,"1.理解一次函数的概念，会画图像；2.掌握一次函数的性质（增减性、与坐标轴交点）；3.能用一次函数解决简单实际问题，培养数形结合思想。","重点：一次函数y=kx+b的图像是直线，性质与k、b的关系；难点：由图像确定解析式，理解k决定增减、b决定交点。","学生已学平面直角坐标系和正比例函数，具备描点画图基础，但对参数k、b的几何意义理解不深，数形结合能力待提升。","【概念建构】
情境引入：出租车起步价10元，每公里2元，车费y与路程x的关系。
抽象：写出y=2x+10，认识一次函数一般式。
命名：定义一次函数，强调k≠0。
辨析：比较y=kx与y=kx+b，理解平移关系。
【例题示范】
例：画出y=-2x+4的图像，并说明增减性。
思路：列表→描点→连线，观察k的符号。
步骤：1.取x=0,1,2算出y；2.描点；3.连成直线；4.k<0，y随x增大而减小。
易错点：取点太少导致画折线、k正负判断反、与轴交点算错。
【变式训练】
一题多解：求过两点的一次函数解析式，可用待定系数法或斜率公式。
多题一解：判断增减性都看k的符号。
变条件：从解析式画图变为由图像写解析式、从静态变为实际问题中的分段函数。
【课堂小结】
结构图：y=kx+b→图像直线→k决定方向与陡峭、b决定纵截距。
口诀：k正递增k负减，b是纵轴交点现，两点确定一条线。
反思：一次函数在生活中有哪些模型？如何快速画图？
常见错因预防：强调“至少取三个点验证共线”；用几何画板动态演示k、b变化；设计“看图说话”专项。"
"二次函数的图像与性质","九年级",2,"1.理解二次函数概念，会用描点法画图像；2.掌握抛物线的开口方向、顶点、对称轴等性质；3.能求简单二次函数的最大最小值，体会数形结合。","重点：二次函数y=ax+bx+c的图像与性质，顶点坐标公式；难点：配方求顶点，理解a、b、c对图像的影响。","学生已掌握一次函数和代数式变形，有一定画图经验，但对抛物线整体性质和参数影响理解需直观支撑，计算易出错。","【概念建构】
情境引入：投篮时篮球的运动轨迹是什么形状？引出抛物线。
抽象：从y=x开始，研究开口、顶点。
命名：定义二次函数，认识一般式、顶点式、交点式。
辨析：比较a>0与a<0的开口方向，b对对称轴的影响。
【例题示范】
例：求y=x-4x+3的顶点坐标和对称轴。
思路：配方或用顶点公式。
步骤：1.配方y=(x-2)-1；2.顶点(2,-1)；3.对称轴x=2。
易错点：配方时常数项处理错、顶点公式记忆混淆、开口方向判断反。
【变式训练】
一题多解：求最值可用配方法、公式法、图像法。
多题一解：多个求顶点题统一用公式(-b/2a, (4ac-b)/4a)。
变条件：从一般式变为顶点式互化、从求顶点变为根据性质写解析式。
【课堂小结】
结构图：y=ax+bx+c→开口由a决定→对称轴x=-b/2a→顶点→增减性。
口诀：a正开口上，a负开口下；对称轴，-b/2a；顶点坐标要会求。
反思：二次函数与实际问题（利润、面积）如何联系？
常见错因预防：强调“先看a定开口”；配方步骤板书规范；用“参数滑块”动态演示a、b、c变化影响。"
"集合的概念与运算","高一",1,"1.理解集合的含义、表示方法（列举法、描述法）；2.掌握集合间的基本关系（子集、真子集、相等）和运算（交、并、补）；3.培养严谨的数学语言表达能力。","重点：集合的表示、子集判定、交并补运算；难点：描述法中的条件理解，空集的性质，韦恩图的灵活运用。","学生初中接触过简单集合思想，但符号语言和抽象定义较陌生，易在“属于”与“包含”符号上混淆，需强化符号规范。","【概念建构】
情境引入：班级中“所有男生”能否组成一个整体？引出集合概念。
抽象：用列举法{1,2,3}、描述法{x|x是正偶数}表示。
命名：元素与集合的属于关系∈，子集，真子集。
辨析：比较∈与的区别，空集是任何集合的子集。
【例题示范】
例：设A={x|x>1}，B={x|x≤3}，求A∩B、A∪B。
思路：在数轴上表示，找公共部分与全部。
步骤：1.画数轴；2.A∩B={x|1<x≤3}；3.A∪B=R。
易错点：描述法端点开闭弄错、把∈写成、补集时全集未明确。
【变式训练】
一题多解：求交集可用定义法、韦恩图法、数轴法。
多题一解：多个判断子集题都用“任意元素检验”。
变条件：从数集变为点集、从有限集变为无限集、增加补集运算。
【课堂小结】
结构图：集合→表示法→关系（∈、）→运算（∩、∪、）。
口诀：属于元素对集合，包含集合对集合；交集取公共，并集全包括，补集看全集。
反思：集合语言在数学中有什么作用？如何避免符号混用？
常见错因预防：强制区分∈与的板书对比；强调“空集是子集”特例；用韦恩图辅助所有运算题。"
"导数及其应用（导数的几何意义）","高二",1,"1.理解导数的几何意义（切线斜率）；2.会求曲线在某点处的切线方程；3.体会导数作为变化率的思想，培养数形结合能力。","重点：导数f'(x0)就是切线斜率；难点：理解极限定义下的瞬时变化率，正确写出切线方程。","学生已学极限初步和函数图像，具备斜率概念，但对“瞬时”抽象和复合函数求导规则掌握不牢，易混淆平均变化率与瞬时变化率。","【概念建构】
情境引入：如何求曲线y=x在点(1,1)处的切线斜率？
抽象：从割线斜率的极限引出导数定义。
命名：f'(x0)=limΔx→0 [f(x0+Δx)-f(x0)]/Δx，几何意义为切线斜率。
辨析：比较平均变化率与瞬时变化率，割线与切线。
【例题示范】
例：求y=x-2x在x=1处的切线方程。
思路：先求导数得斜率，再点斜式写方程。
步骤：1.y'=3x-2；2.y'(1)=1；3.切线：Y-1=1·(x-1)，即y=x。
易错点：求导公式记错、点斜式中点坐标用错、把切线方程写成法线。
【变式训练】
一题多解：求切线可用定义法或求导法则法。
多题一解：多个求切线题统一“求导→代点得斜率→点斜式”。
变条件：从显函数变为隐函数、从求切线变为求法线、从一点变为过定点的切线。
【课堂小结】
结构图：平均变化率→极限→导数→切线斜率→切线方程。
口诀：导数几何意义明，切线斜率它担当；先求导来后代值，点斜式写切线成。
反思：导数还能描述哪些变化？与物理中的速度有何联系？
常见错因预防：强调“先求导再代入”；对比平均与瞬时的数值例子；设计“求导易错公式”专项默写。"
"概率统计复习（古典概型与条件概率）","高三",2,"1.系统复习古典概型、条件概率、全概率公式；2.能综合运用解决实际问题；3.提升数学建模和逻辑推理能力，为高考做好准备。","重点：古典概型基本事件判断、条件概率公式应用；难点：区分互斥与对立、正确使用全概率与贝叶斯公式。","学生已学完概率统计全部内容，但知识点碎片化，综合题中审题和模型识别能力不足，计算准确性需强化。","【概念建构】
情境引入：高考模拟题中“袋中摸球”“疾病检测”问题，如何建模？
抽象：回顾古典概型P=n/m、条件概率P(B|A)=P(AB)/P(A)。
命名：强化互斥、对立、独立事件的定义与符号。
辨析：比较古典概型与几何概型，条件概率与独立事件。
【例题示范】
例：袋中有3红2白球，依次不放回取2球，求第二次红球的概率。
思路：用全概率公式，按第一次颜色分类。
步骤：1.P(第二次红)=P(第一次红)×P(第二次红|第一次红)+P(第一次白)×P(第二次红|第一次白)；2.计算(3/5)×(2/4)+(2/5)×(3/4)=3/5。
易错点：有放回与不放回混淆、条件概率分母找错、样本空间列举不全。
【变式训练】
一题多解：可用列举法、树状图法、公式法。
多题一解：多个摸球问题统一“先判断是否古典，再看是否放回”。
变条件：从不放回变为放回、从两步变为三步、增加“已知第二次红求第一次红”的贝叶斯问题。
【课堂小结】
结构图：随机事件→古典概型→条件概率→全概率/贝叶斯→实际应用。
口诀：古典概型看等可能，条件概率缩样本；全概率先分类，贝叶斯反过来算。
反思：概率题如何快速识别模型？计算时如何避免重复或遗漏？
常见错因预防：强调“先画树状图或列表”；对比“有放回/不放回”专项；用“高考真题错因分析”强化审题。"