场景类型,具体场景,目标,对方角色,对方关注点,自身底线,替代方案,策略建议
商业谈判,与A公司谈判年度原材料采购合同,降低采购成本15%并锁定3年价格,A公司销售总监,价格稳定与长期合作,A方降价幅度不超过8%,寻找2家备选供应商,"局势判断：对方急于完成年度业绩；适用技法：利诱+纵横；行动步骤：先示弱再抛数据；沟通话术：'如果价格能到X，我们可以提前支付30%定金'；风险提醒：避免一次性让步过多"
说服游说,向投资人推介AI医疗项目,获得种子轮500万融资,天使投资人,项目退出周期与团队稳定性,最低接受300万且保留控股权,准备政府补贴方案,"局势判断：投资人偏好数据驱动；适用技法：借势+反应；行动步骤：先展示市场数据再谈退出；沟通话术：'同赛道公司估值已达2亿，我们可提供对赌条款'；风险提醒：不要过度承诺营收"
团队管理,解决研发团队与销售团队的协作冲突,提升跨部门项目交付效率,研发主管,资源分配与KPI考核,团队加班上限每月40小时,建立联合考核机制,"局势判断：双方存在利益冲突；适用技法：合纵连横；行动步骤：先私下沟通再公开协调；沟通话术：'如果你们能提前交付，我让销售把佣金分成给研发'；风险提醒：避免公开指责"
危机处理,公司产品出现质量投诉导致舆情爆发,24小时内控制负面传播,媒体记者,真相与责任认定,公司不承认故意欺诈,启动第三方检测,"局势判断：舆情发酵速度快；适用技法：先发制人+示弱；行动步骤：立即发布致歉+解决方案；沟通话术：'我们已启动召回，并邀请第三方机构检测'；风险提醒：不要推卸责任"
人际博弈,与竞争对手公司高管私下接触,获取对方战略情报,对方VP,市场份额与人才流动,绝不泄露自身核心数据,提供虚假信息试探,"局势判断：对方有试探意图；适用技法：欲擒故纵；行动步骤：先透露小信息再套取；沟通话术：'我们也在考虑东南亚市场，你们怎么看？'；风险提醒：防止反向情报收集"
战略规划,制定公司2025年海外扩张战略,进入东南亚3国市场,董事会,风险控制与资金回报,单国投入不超过总资金20%,优先选择一带一路国家,"局势判断：地缘政治风险高；适用技法：远交近攻；行动步骤：先做泰国试点；沟通话术：'泰国政策最友好，我们可先投2000万测试'；风险提醒：避免同时多国开战"
商业谈判,与甲方谈SaaS年度续费,续费金额提升20%,甲方CTO,预算紧张与功能价值,最低接受原价续费,提供分期付款方案,"局势判断：对方预算受限；适用技法：投其所好；行动步骤：展示ROI数据；沟通话术：'新功能可帮你们节省30%人力成本'；风险提醒：不要轻易降价"
说服游说,说服妻子同意孩子转学国际学校,获得家庭教育投资支持,妻子,孩子适应能力与费用,年度教育支出不超过15万,接受国内重点学校+国际课程,"局势判断：对方担心孩子压力；适用技法：情感+事实；行动步骤：先参观学校再谈费用；沟通话术：'孩子已经很适应英文环境，我们可以先试读一年'；风险提醒：避免强迫决定"
团队管理,处理核心员工跳槽威胁,挽留技术负责人,技术VP,股权与职业发展,最多给出10%股权激励,提供副总头衔+海外培训,"局势判断：对方有外部offer；适用技法：攻心为上；行动步骤：一对一谈未来规划；沟通话术：'公司明年上市，您的期权会很值钱'；风险提醒：不要许无法兑现承诺"
危机处理,供应链断裂导致生产停工,3天内恢复供货,主要供应商采购经理,付款周期与合作信任,绝不接受预付款超过50%,同时联系2家新供应商,"局势判断：对方知道我们急；适用技法：以退为进；行动步骤：先表达理解再提条件；沟通话术：'我们理解您的困难，但如果能提前发货，我们愿意签3年长约'；风险提醒：避免单一依赖"