风格名称,适用场景,风格详细描述
专业蓝调,商务汇报,采用深蓝色为主色调，搭配白色和浅灰色，字体选用微软雅黑，强调专业、稳重与可信度，适合季度财报或战略规划演示
极简白,极简风,纯白背景搭配黑色文字，无多余装饰，留白充足，突出核心内容，适合追求简洁高效的日常汇报
学术深灰,学术报告,使用深灰与藏蓝色配色，包含引用标注和图表样式，结构严谨，适合论文答辩或研究成果展示
活力渐变,创意设计,采用彩虹渐变背景与圆角卡片，搭配手绘图标和动态元素，激发创意与灵感，适合设计提案或品牌策划
增长绿,项目总结,以翠绿色为主色，融入时间轴与里程碑图标，突出成果与增长，适合项目复盘或KPI汇报
黑金奢华,商务汇报,黑色背景配金色点缀，高端大气，字体粗细对比明显，适合投资路演或高端商务谈判
纯净灰,极简风,浅灰背景与深灰文字，极简线条装饰，强调呼吸感与留白，适合产品演示或个人作品集
传统学术蓝,学术报告,经典宝蓝色搭配米白色，包含页码与章节导航，严谨正式，适合高校讲座或学术会议
手绘创意,创意设计,纸张质感背景配手写字体与涂鸦元素，活泼亲切，适合 brainstorm 或创意工作坊
数据可视,项目总结,深蓝背景突出数据图表，使用橙色强调关键指标，逻辑清晰，适合数据分析或项目总结汇报