笔记标题,录音文件,记录类型,标签,是否重点,记录时间,归档状态,整理结果
人生三修,{33e12ed3-3a62-4ba3-bb78-7da22675aa3c}.mp3,其他,随手记,是,2026-08-30 23:14:02,已归档,{3d52eb63-ffde-4750-8cf3-18280164947e}.md
,{f6a19841-5039-448c-8303-84319b317b9c}.mp3,灵感,随手记,否,2026-08-30 22:54:11,已归档,{50dd2e0f-d45d-4a1a-8b77-7c9e24dc0300}.md
产品周会纪要,meeting_20260309_0930.m4a,会议,"工作,重要,会议纪要",是,2026-03-09 09:30:00,已归档,"【标题】产品周会：Q1功能优先级与上线节奏对齐
【转写正文】今天周会主要对齐了Q1剩余功能的优先级。搜索改版仍按原计划推进，本周五完成交互评审；消息中心推送延迟问题本周必须给出根因；会员权益页改版可延后到下个迭代。运营希望增加活动入口，产品评估工作量后周四前给结论。
【要点清单】1. 搜索改版本周五交互评审；2. 推送延迟本周给出根因；3. 会员页改版延后；4. 活动入口周四前评估结论。
【待办事项】1. 周五前提交搜索改版交互稿；2. 本周内输出推送延迟根因报告；3. 周四前完成活动入口工作量评估。
【标签建议】工作,重要,会议纪要"
地铁上想到的活动玩法,idea_20260308_1832.m4a,灵感,"工作,灵感闪现,随手记",是,2026-03-08 18:32:00,待整理,"【标题】春季拉新活动：连续打卡兑换周边
【转写正文】刚才突然想到，可以用连续打卡兑换限定周边来做春季拉新。新用户前七天每天完成一个轻量任务，集齐七天可兑换贴纸或帆布袋。老用户可邀请好友加速。注意控制兑换成本，先做小范围灰度。
【要点清单】1. 新用户7日打卡兑换周边；2. 老用户邀请加速；3. 先小范围灰度控成本。
【待办事项】1. 梳理7日轻量任务清单；2. 估算周边成本与库存；3. 评估灰度范围与风控。
【标签建议】工作,灵感闪现,重要"
今晚回家要处理的事,todo_20260310_1755.m4a,待办,"生活,紧急,随手记",是,2026-03-10 17:55:00,待整理,"【标题】今晚待办：缴费、取快递、回消息
【转写正文】回家路上提醒自己：水电燃气费今晚截止；门口丰巢快递今晚24点到期；给妈妈回语音说周末回家；把明天早上八点的体检单打印出来放包里。
【要点清单】1. 缴水电燃气费；2. 取丰巢快递；3. 给妈妈回消息；4. 打印体检单。
【待办事项】1. 今晚24点前完成缴费与取件；2. 回家后给妈妈回语音；3. 打印明天体检单并放进包里。
【标签建议】生活,紧急,随手记"
周末爬山见闻,life_20260307_1640.m4a,生活记录,"生活,随手记",否,2026-03-07 16:40:00,已归档,"【标题】周末爬山：东山步道与山顶云海
【转写正文】今天走了东山步道，大概两小时到山顶。后半段台阶很陡，但山顶云海很漂亮，风也大。下山在山脚喝了碗热豆浆，状态恢复很快。下次可以早点出发避开人流。
【要点清单】1. 东山步道约两小时；2. 山顶云海与大风；3. 建议更早出发。
【待办事项】无
【标签建议】生活,随手记"
英语精读方法备忘,study_20260306_2130.m4a,其他,"学习,随手记",否,2026-03-06 21:30:00,已归档,"【标题】精读方法：先听写再对照精读
【转写正文】今天试了新方法：先不看文本听两遍并听写关键词，再对照原文精读难句，最后用自己的话口头复述。比直接看译文印象深很多，准备连续练两周看效果。
【要点清单】1. 盲听两遍并听写关键词；2. 对照原文精读难句；3. 口头复述检验理解。
【待办事项】1. 连续两周每晚精读一篇；2. 周末回顾生词与难句。
【标签建议】学习,随手记"
客户投诉处理口径,work_20260311_1112.m4a,待办,"工作,重要,紧急",是,2026-03-11 11:12:00,待整理,"【标题】客户投诉：订单延迟需今日内给补偿方案
【转写正文】大客户反馈批次订单延迟两天，情绪比较激动。先致歉并确认物流节点，今天中午前给出补偿方案，可选加急发货或优惠券。同步让仓储核对本周产能，避免再次承诺过满。
【要点清单】1. 订单延迟两天需致歉；2. 中午前给补偿方案；3. 复核仓储产能。
【待办事项】1. 中午前输出补偿方案并同步客户；2. 仓储核对本周产能；3. 更新对外承诺话术。
【标签建议】工作,重要,紧急"
项目复盘会要点,meeting_20260305_1400.m4a,会议,"工作,会议纪要",是,2026-03-05 14:00:00,已完成,"【标题】活动项目复盘：转化尚可但素材复用不足
【转写正文】这次活动转化达到预期，但素材复用率偏低，设计返工两次。下次应提前三天冻结文案，设计只出两套主视觉。数据侧建议把落地页首屏按钮文案做成可配置，减少发版。
【要点清单】1. 转化达标；2. 素材复用不足、返工两次；3. 文案提前三天冻结；4. 首屏按钮可配置。
【待办事项】1. 沉淀活动素材模板；2. 评估落地页按钮配置化；3. 把冻结节点写入排期表。
【标签建议】工作,会议纪要"
读书时的一句摘录,idea_20260304_2235.m4a,灵感,"学习,灵感闪现,随手记",否,2026-03-04 22:35:00,已归档,"【标题】摘录：把复杂问题拆成可验证的小实验
【转写正文】书里有句话很触动：与其一次想清楚，不如把问题拆成一个个可在两天内验证的小实验。以后排期时先问自己：最小可验证步骤是什么。
【要点清单】1. 复杂问题拆成小实验；2. 两天内可验证；3. 排期先找最小步骤。
【待办事项】1. 把该方法用到下周需求拆解里试一次。
【标签建议】学习,灵感闪现,随手记"
体检前注意事项,life_20260310_2108.m4a,生活记录,"生活,重要",是,2026-03-10 21:08:00,已完成,"【标题】明早体检：空腹、带证件与报告单
【转写正文】明天八点体检，今晚十二点后不吃东西，可以喝少量白水。身份证、医保卡和打印好的体检单放进背包夹层。到了先做抽血，再做腹部彩超。
【要点清单】1. 八点到达；2. 午夜后空腹；3. 带证件与体检单；4. 先抽血再彩超。
【待办事项】1. 今晚备好证件和体检单；2. 设置七点闹钟。
【标签建议】生活,重要"
课程作业截止提醒,study_20260309_2015.m4a,待办,"学习,紧急",是,2026-03-09 20:15:00,待整理,"【标题】数据分析作业：周三前提交并检查图表
【转写正文】数据分析课作业周三晚上十一点截止，还差结论部分和两张对比图。明天先把清洗后的数据导出，晚上补图表，周三中午留一小时通读检查引用格式。
【要点清单】1. 截止时间为周三23:00；2. 待补结论与两张对比图；3. 需检查引用格式。
【待办事项】1. 明天导出清洗数据；2. 明晚完成对比图；3. 周三中午通读并提交。
【标签建议】学习,紧急"
随手记：密码管理习惯,note_20260303_0805.m4a,其他,"生活,随手记",否,2026-03-03 08:05:00,已归档,"【标题】把常用账号逐步迁到密码管理器
【转写正文】早上突然意识到好几个账号还在用重复密码。准备这周末把邮箱、网盘和两个常用社交账号迁到密码管理器，并打开二次验证。先从最重要的邮箱开始。
【要点清单】1. 减少重复密码；2. 优先迁移邮箱等关键账号；3. 开启二次验证。
【待办事项】1. 周末迁移邮箱与网盘账号；2. 为关键账号开启二次验证。
【标签建议】生活,随手记"
需求评审会待确认项,meeting_20260311_1600.m4a,会议,"工作,重要,会议纪要",是,2026-03-11 16:00:00,待整理,"【标题】需求评审：权限方案与埋点仍待确认
【转写正文】评审里流程主路径基本通过，但角色权限矩阵还不完整，财务角色能否导出明细没有定。埋点方案缺三个关键事件，数据同学希望明天下午前补齐。设计走查改到周五。
【要点清单】1. 主路径通过；2. 权限矩阵不完整；3. 埋点缺三个事件；4. 设计走查改周五。
【待办事项】1. 补充角色权限矩阵；2. 明天下午前补齐三个埋点事件；3. 周五前完成设计走查。
【标签建议】工作,重要,会议纪要"
