写作对象,题材类型,现场见闻,个人感悟,散文
"敦煌莫高窟","文化遗址游记","鸣沙山下洞窟依编号排列。第17窟藏经洞空空如也，第45窟菩萨犹带唐人微笑。讲解员举旗，游客闪光灯此起彼落，风沙打在鞋面上。","被搬走的经卷与留下的彩塑是同一种文明的两面。辉煌与缺失都沉默，数字比哭声更冷。","风从鸣沙山下来，先碰到的是编号。洞窟像一排被时间编过目的书，有的缺页，有的连封面也被撕走。
第17窟。门开着，里面没有经卷。1907年，斯坦因的骆驼队走了七天，带走二十九箱。王道士把钥匙递出去时，沙还在落。数字很冷静，像账本。
我站在窟外。沙粒打在鞋面上，发出极轻的响。讲解员把旗子举高，说这里曾藏五万件文书。游客举起手机，闪光灯白了一下，又灭。
第45窟的菩萨还在微笑。那笑不是迎人的，是看过沙漠起落之后剩下的弧度。唐人把衣褶做得那么薄，薄到能听见里面的风。
「劝君更尽一杯酒，西出阳关无故人。」阳关在西，莫高在东，中间隔着一条被走干的路。
天色压低。洞窟的门一扇扇关上，像眼睑。沙还在落。
二十九箱，没有一箱回来。"
"韩城司马迁祠","历史人物散文","芝川镇南高岗，石阶九十九级。祠内碑密，塑像端坐，目光越过香客望向黄河。古柏皮裂，裂口生新枝。山下有人卖简装《史记》。","史家之绝唱写于腐刑之后。黄河仍浊，文字仍清。一个人把自己罚成了史。","韩城的土是黄的，黄到像被史书洇过。
司马迁祠在芝川镇南，高岗之上。石阶九十九级，每一步都响。祠门不大，碑却密，密得像把《史记》拆成了石头。
殿内塑像端坐。他并不看香客，看向远处的黄河。黄河在祠下拐了一个弯，水是浊的，浊得像未删的草稿。
公元前99年，李陵降匈奴。司马迁说了几句不该说的话，然后受了腐刑。这之后，他写完五十二万六千五百字。
院子里有一棵古柏，皮裂着，裂口里长出新枝。我伸手摸了一下，手背上全是细土。
「究天人之际，通古今之变。」字在碑上。风一过，没有声音。
下山时，有人在卖他的书。简装，定价二十八元。黄河还在拐那个弯。"
"圆明园大水法残址","文明反思","大水法前石栏断成三截，汉白玉被晒成骨头色。游客排队拍照，有人比耶。远瀛观只余座基，草从石缝齐齐长出，麻雀落上又飞。有孩子问：这是什么地方？","火能烧掉殿，烧不掉座基上的空。空比废墟更持久，也更容易被叫成公园。","残柱不说话。
大水法前，石栏断成三截。游客在残迹前排队拍照，有人比耶。阳光很好，把汉白玉晒成骨头的颜色。
1860年10月，英法联军在这里烧了三天。随军牧师记下：烟柱二十余里可见。数字之后，是空。
我绕到远瀛观遗址。草从石缝里出来，很齐，像被谁修剪过。一只麻雀落在柱础上，又飞走。
没有殿。没有帘。没有被抢走的十二生肖铜首——它们在拍卖行出现过，价格以亿计。这里只留下座基，座基上有浅浅的水渍。
风穿过没有屋顶的院子，发出哨音。很尖，又很快消失。
有孩子问母亲：这是什么地方？
母亲说：公园。
石柱还在。"
"丽江古城","旅行文学","石板路被脚磨亮。纳西老人转经筒，声轻过客栈流行歌。玉龙雪山雪线据说又退了七十米。东巴文被油漆描新。桥下硬币沉在青苔上。夜市低音鼓把石板震麻。","茶马古道还在路牌上。马帮不再来。一座城可以同时活得热闹，和死得整齐。","石板路被脚磨得发亮，亮得像一条没写完的墨线。
纳西族老人坐在门口，手里转着转经筒。转经筒的声音极轻，轻过客栈里的流行歌。玉龙雪山在北面，雪线今年又退了一截。有人说退了七十米，有人说不止。
我走进一座院子。木楼还是木楼，柱上的东巴文被油漆描新了。描新之后，字还在，意思像被洗净。
桥下的水很清，清到能看见硬币。有人许愿，硬币沉在青苔上，不动。
夜市开始时，酒吧的低音鼓把石板震得微微发麻。远处，一座没有霓虹的门楼黑着，像还在等马帮。
马帮已经不止来了。茶马古道的里程碑还在束河，字迹被雨刷淡。
我在桥上站了一会儿。水还是向东。
转经筒停了。老人起身，把门关上。"
"都江堰","古迹精神探寻","岷江在鱼嘴一分为二，浪白如骨。石牛默于堤上。二王庙香火旺过江声。老人在鱼嘴边洗手，看一眼宝瓶口便走。内江水冰，如刚从雪山下。","公元前256年的一刀，切到今天还在工作。真正的纪念不是香火，是成都平原不饥。","江是分开的。
岷江到了这里，被李冰一劈为二。内江灌田，外江泄洪。公元前256年的一刀，切到今天还在流血——流的是水，清的。
鱼嘴分水处，浪白得像骨。我沿堤走，堤上的石牛默着，默成了李冰的另一种样子。二王庙在山上，香火旺，旺过江声。
江声很大。大到把人声盖住。一位老人在鱼嘴边洗手，洗完，看了一眼宝瓶口，走了。
「深淘滩，低作堰。」六字刻在墙上，没有署名的必要。两千二百余年，成都平原不饥。这是比碑更硬的事。
我蹲下来，手伸进内江。水冰，冰得像刚从雪山上下来。手抽回来，什么也没抓住。
江还在分。
天黑前，放水的锣没有响——那是节日才有的。日常的都江堰只是工作。"
"岳阳楼","文化遗址游记","清式檐角对着洞庭，水天一线是灰的。君山如一枚没盖上的印。木阶吱呀。有人背《岳阳楼记》，背到「去国怀乡」卡壳。墙上题字挤成一团。","楼新记旧。范仲淹没见过这檐角，句子却比所有檐角都难倒。湖不回答谁先忧。","楼在，湖更大。
岳阳楼重修过不知多少次，现在的是清式。范仲淹没见过这檐角，却把「先天下之忧而忧」留在了所有檐角之上。
我上楼。三层，木阶吱呀。窗口对着洞庭，水天一线，线是灰的。君山在远处，像一枚没盖上的印。
楼下有人背《岳阳楼记》，背到「去国怀乡」卡了壳。风来，帆动了一下，又不动。
庆历四年春，滕子京谪守巴陵郡。他修楼，范仲淹作记。两人皆不在岳阳久留。文字留下了，比楼更不容易倒。
湖面忽然起了白，是渔网。几只鸟从白里穿过，黑点，很快没了。
我没有在墙上题字。题字的人太多，字与字挤在一起，谁也看不清谁。
下楼时，有人问岳阳楼几百年了。售票员说：楼是新的，记是旧的。
湖还是那个湖。"
"黄州东坡赤壁","历史人物散文","赤壁矶头石壁并不赤。江阔，对岸只剩一条线。有人朗诵「大江东去」，诵到「人生如梦」被货轮船笛压过。定惠院竹荫斑驳，如未干的墨。石上「东坡赤壁」四字口已磨圆。","他写的赤壁不是火攻处。他知道，还是写了。被贬之后，朋友不敢来信，他便把信写成了赋。","江声从苏轼的句子里走出来，比句子粗。
赤壁矶头，石壁并不赤。苏东坡被贬黄州，住临皋亭，种地于东坡，于是有了这个名字。元丰五年，他两赋赤壁。那赤壁，其实不是三国火攻处——火攻在上游。他知道，还是写了。
我沿着矶石走。江阔，阔到对岸只是一条线。有人在朗诵「大江东去」，朗诵到「人生如梦」时，声音被货轮船笛压过。
船笛很长。长过一句词。
定惠院还在，竹已不是宋竹。我在竹荫里站了片刻，地上有斑驳的光，像未干的墨。
乌台诗案之后，他的朋友不敢写信。他便写信给自己，写成了前后《赤壁赋》。赋里有月，有客，有「逝者如斯，而未尝往也」。
江没有往。人往了。
矶石上「东坡赤壁」四个字，字口已经圆了。圆了的字，摸上去像江水打磨过的时间。"
"嘉峪关","文明反思","关楼高十七米。南见祁连积雪，北是黑山。西瓮城门楼后那块传说中多余的砖，被游客围拍。城墙风能把人推斜，垛口掉着黄皮。城下有人持道具枪站旅游岗。","一砖之差成了精确的神话。真正卡住河西的，从来不是砖，是风、沙，和比关更长的路。","关是方的。城是土的。天是大的。
嘉峪关楼高十七米，登上去，祁连山在南，雪还在。北面是黑山，黑得像一块没写字的碑。中间是河西走廊最窄的地方，窄到能被一关卡住。
1372年，冯胜选址于此。传说缺了一块砖，那块砖后来被放在西瓮城门楼后，成为精确的象征。我去看了，砖在，游客围着它拍照。
城墙上的风能把人推斜。我扶着垛口，垛口的土掉了一层皮，皮是黄的，黄成河西的底色。
「秦时明月汉时关。」明月不在，关在。关内有庙，关外有戈壁。戈壁上的公路像一条被拉直的肠，车走在上面，扬起白尘。
一位年轻人在城下站岗，岗是旅游的岗。他的枪是道具。
日落时，关楼先暗。暗从檐下开始，爬到匾额。「天下第一雄关」六个字，金还在，光没有了。
风仍在推。"
"阳关故址","旅行文学","敦煌西南七十公里，只余一座烽燧孤在沙漠里。夯土剥落成更细的沙。有人放风筝，线在阳光里看不见。博物馆沙盘完整，真址残缺。回程后视镜里烽燧缩成一个点。","西出阳关无故人。故人没有了，关也近乎没有了。酒、驿、城，都被风删成一个土墩。","土墩。
阳关故址只剩下一个烽燧，孤在沙漠里，像一句被风删剩的词。敦煌西南七十公里，路越走越白，白到眼睛发疼。
王维写「西出阳关无故人」时，这里还有城，有驿，有酒。酒喝完，人向西。安西都护府的编制在史书里，编制之外是沙。
我绕着烽燧走了一圈。夯土剥落，落在自己脚下，成为更细的沙。没有门，所以谈不上进出。有几个人放风筝，风筝很高，线在阳光里看不见。
博物馆的沙盘还原了唐代阳关。还原是完整的，真址是残的。完整与残之间，隔着一千二百多年，和无数场风。
我捡起一块土，土很轻。轻到像没有被谁居住过。
车上路时，收音机没有信号。后视镜里，烽燧越来越小，小成一个点，点也消失。
沙漠还是沙漠。"
"秦始皇陵兵马俑","古迹精神探寻","一号坑长二百三十米，陶俑面向东方。跪射俑睫毛可数。有一排无头。1974年农民打井处已作复原展示。闭馆灯光一排排熄灭，俑仍是那姿势。","军阵接到的最后命令是站着。皇帝死在沙丘，用鲍鱼遮味。井口很小，沉默很大。","坑是长的。俑是静的。
一号坑，长二百三十米。陶俑列成军阵，面向东方。东方是秦始皇没能走完的路。公元前210年，他死在沙丘，尸体用鲍鱼遮味，运回骊山。兵马俑没有接到那支军队的命令，所以一直站着。
我从廊道走过。隔着栏杆，一个跪射俑的睫毛还能数清。睫毛是泥，泥被烧过，烧成了永恒的一种错觉。
1974年，农民打井，井打到了这个军阵。从此，西安的东边多了一个必须来的地方。游客的声音在穹顶下回响，回响里，俑不回答。
有一排俑没有头。头在修复室，或者在流失的账册里。修复师用毛笔刷土，一下一下，像给死者洗脸。
我在井的复原处停步。井口很小，小到让人难以置信：这么大的沉默，是从这么小的口里被挖出来的。
闭馆广播响了。灯光一排排灭。灭到最后，俑仍是那姿势。
东方没有亮。"