姓名,曾用名,阳历生日,农历生日,出生时辰,性别,出生地,命理分析
张伟,张小伟,1990-02-15,农历己巳年正月二十,寅,男,北京市海淀区,日主甲木坐寅，得令得地，印星透出，学业与贵人运较显，中年后财运渐开，需防肝胆与睡眠问题。
李娜,,1988-07-08,农历戊辰年五月廿五,午,女,上海市徐汇区,日主丁火偏旺，食伤泄秀，才艺与表达力强，感情上宜晚婚，注意心脏与血压调养。
王芳,王小芳,1995-11-03,农历乙亥年九月十一,酉,女,广东省广州市天河区,日主辛金得秋令，官杀混杂需取清，适合稳定体制或专业技术路线，婚缘在南方较利。
刘强,,1982-04-21,农历壬戌年三月廿八,辰,男,四川省成都市武侯区,日主戊土坐辰库，财星暗藏，事业宜稳健积累，不宜投机，注意肠胃与湿气。
陈静,陈晨,2001-01-09,农历庚辰年腊月十五,子,女,浙江省杭州市西湖区,日主癸水得令，印比为用，聪慧好学，适合文教传媒，感情宜找火土日主，防肾气不足。
杨洋,,1978-09-18,农历戊午年八月十七,申,男,江苏省南京市鼓楼区,日主庚金坐申，比劫帮身，事业心强，中年有迁移变动，注意呼吸系统与筋骨劳损。
赵敏,,1993-06-25,农历癸酉年五月初七,巳,女,湖北省武汉市武昌区,日主己土偏燥，食伤生财，事业财运皆可，性格直率，婚后宜修身养性，注意脾胃。
黄磊,黄小磊,1986-12-30,农历丙寅年冬月三十,亥,男,陕西省西安市雁塔区,日主壬水通根，伤官配印，适合技术管理，晚年名利于北方更显，防腰肾与寒湿。
周杰,,1998-03-12,农历戊寅年二月十四,卯,男,福建省厦门市思明区,日主乙木得卯刃，食伤制杀，个性独立，创业运优于打工，注意肝火与情绪起伏。
吴倩,吴小倩,1991-08-05,农历辛未年六月廿五,未,女,重庆市渝中区,日主己土坐未，印比同宫，家庭观念重，财来财去需守成，适合教育医疗相关行业。
孙丽,,2000-10-22,农历庚辰年九月廿五,戌,女,山东省济南市历下区,日主丙火通根戌库，官星暗藏，工作责任心强，宜北方发展，注意视力与心血管。
马超,,1984-05-16,农历甲子年四月十六,未知,男,河南省郑州市金水区,时辰未知仅排三柱，日主庚金生于夏，火金交战，性格刚烈，宜以水木为用，事业宜武职或工程。