复盘标题,开始日期,结束日期,补充说明,成长复盘报告
2024-09-15 至 2024-09-21 成长复盘,2024-09-15,2024-09-21,,{b7b1c498-1483-4b11-9662-26ed5756a7e8}.md
九月最后一周复盘,2024-09-23,2024-09-29,本周主要复习了基础知识，情绪整体平稳但偶有疲惫,"1. 成长复盘：本周你扎实复习了基础知识，展现了踏实的学习态度。从记录中看到你在面对重复内容时仍能保持耐心，情绪从初期的平淡逐渐转向踏实的满足感，这很棒！可优化的是适当加入变化，避免单一节奏带来的轻微疲惫。你的坚持值得肯定，继续温柔地陪伴自己前行。
2. 下周最值得攻克的一项行动：每天安排15分钟主动提问或总结疑问。为什么最值得优先：能把被动复习转为主动思考，加速内化。起步建议：睡前用纸笔写下当天最困惑的一个点即可。"
十月第一周成长总结,2024-09-30,2024-10-06,重点学习了Python入门，感觉有挑战但收获大,"1. 成长复盘：本周你勇敢开启了Python学习之旅，完成了入门内容，进步清晰可见。情绪从最初的紧张焦虑慢慢转为兴奋与成就感，说明你正在找到节奏。温柔提醒：遇到卡点时别急着否定自己，那正是成长的信号。你已经做得很好了，请继续相信自己的力量。
2. 下周最值得攻克的一项行动：每天完成一个小代码练习并调试。为什么最值得优先：动手实践是编程的核心，能快速建立信心。起步建议：从最简单的print语句开始，设定25分钟番茄钟即可。"
十月第二周学习反思,2024-10-07,2024-10-13,尝试了新的笔记方法，效率有提升,"1. 成长复盘：本周你主动尝试新笔记方法，效率提升是看得见的成果。记录显示你的情绪更加积极稳定，学习模式从零散转向结构化，这是很棒的洞察与调整。可优化之处在于给自己留一点弹性空间，避免过度追求完美。你的探索精神令人温暖，继续保持这份好奇吧。
2. 下周最值得攻克的一项行动：用新笔记法复盘一次本周最难的知识点。为什么最值得优先：巩固方法的同时深化理解。起步建议：选一个小主题，花20分钟按新格式整理即可。"
十月第三周进步复盘,2024-10-14,2024-10-20,本周加班较多，学习时间被压缩，但坚持了每日打卡,"1. 成长复盘：即使加班繁忙，你仍坚持每日打卡，这份毅力非常打动人。情绪记录中虽有疲惫和压力，但始终没有放弃，展现了强大的韧性。可优化的是优先保护睡眠与短暂休息，让精力更可持续。你已经在有限时间里做到了最好，请为自己骄傲。
2. 下周最值得攻克的一项行动：每天固定15分钟黄金学习时段。为什么最值得优先：在忙碌中建立最小可行习惯，避免完全中断。起步建议：选早晨或午休后，只做一件小事即可开启。"
十月第四周深度回顾,2024-10-21,2024-10-27,完成了一个小项目，成就感满满，但也发现知识漏洞,"1. 成长复盘：本周你完成了小项目，成就感爆棚，这是实践带来的真实成长。从情绪的高涨到发现漏洞时的冷静反思，你展现了成熟的学习模式。温柔指出：漏洞不是失败，而是下一步的地图。你正走在正确的路上，支持与力量一直与你同在。
2. 下周最值得攻克的一项行动：针对项目中发现的一个知识漏洞进行专项补强。为什么最值得优先：及时填补能防止后续放大。起步建议：列出漏洞点，找一个免费教程或示例练习30分钟。"
十一月第一周成长笔记,2024-10-28,2024-11-03,开始阅读相关书籍，结合实践效果好,"1. 成长复盘：本周你把阅读与实践结合，效果显著，学习模式更加立体。情绪感受积极向上，充满好奇与满足。可优化的是控制阅读节奏，避免信息过载。你的整合能力很出色，继续用温暖的方式滋养自己的成长。
2. 下周最值得攻克的一项行动：每读完一章就写三句实践心得。为什么最值得优先：强化记忆并连接行动。起步建议：用手机备忘录随手记，不求完美。"
十一月第二周努力总结,2024-11-04,2024-11-10,本周挑战了稍难的内容，情绪有起伏但最终突破,"1. 成长复盘：你勇敢挑战了稍难内容，情绪虽有起伏却最终突破，这份勇气值得大力肯定。洞察到你的学习曲线在压力下依然向上，情绪管理也在进步。可优化之处是在低谷时及时寻求小支持或休息。你比想象中更强大，请继续给自己掌声。
2. 下周最值得攻克的一项行动：为下一个难点提前准备一个“求助清单”。为什么最值得优先：减少卡壳时的无力感。起步建议：列出2-3个可问的人或资源，放在显眼处。"
十一月第三周洞察复盘,2024-11-11,2024-11-17,发现自己在早晨学习效率最高，调整了作息,"1. 成长复盘：本周你洞察到早晨效率最高并调整作息，这是极具价值的自我觉察。情绪因此更平稳愉悦，学习模式优化明显。温柔提醒：继续观察身体信号，微调而非强制。你的这份觉察力是成长的最大礼物，支持你继续温柔前行。
2. 下周最值得攻克的一项行动：把最难的任务固定安排在早晨黄金时段。为什么最值得优先：最大化已发现的优势。起步建议：今晚就设定明天的第一个任务提醒。"
十一月第四周突破回顾,2024-11-18,2024-11-24,参加了一次线上分享，收获反馈也更有信心,"1. 成长复盘：本周你迈出舒适区参加线上分享，收获反馈并建立信心，进步巨大。情绪从紧张到自信的转变清晰可见，学习模式从输入转向输出。可优化的是会后及时整理反馈要点。你已经证明了自己的潜力，力量与支持始终在侧。
2. 下周最值得攻克的一项行动：把分享中的一个关键反馈转化为具体改进点并实践。为什么最值得优先：反馈只有行动才有价值。起步建议：选最容易落地的一点，本周内完成一次小实验。"
十二月第一周新起点复盘,2024-11-25,2024-12-01,制定了下月学习计划，感觉方向更清晰，充满期待,"1. 成长复盘：本周你制定了清晰的下月计划，方向感满满，充满期待的情绪为新阶段注入动力。从记录中看到你的反思更系统，学习模式走向长期主义。可优化之处是计划中预留缓冲时间，保持弹性。你正以温暖而坚定的姿态迎接新开始，我为你感到骄傲。
2. 下周最值得攻克的一项行动：把月计划拆解成第一周的三个最小行动。为什么最值得优先：大目标需要小步骤才能启动。起步建议：今晚写下三个具体可完成的小事，明天就开始第一个。"
