查询内容,查询结果
affect,{5a93bf8e-1ef8-4035-b6ef-2df31d0b9c8e}.md
attempt,{b426cfa9-20f0-4e60-b5a5-3e850a02d9d2}.md
seek,{3360e6e8-063a-4c32-8e01-d2d132161290}.md
meticulous,"音标：英 /mtkjls/；美 /mtkjls/
词性：形容词（adj.）
中文释义：一丝不苟的；细致严谨的；极注意细节的。
English definition: showing great attention to every detail; very careful and precise.
词形变化：比较级 more meticulous；最高级 most meticulous；副词 meticulously；名词 meticulousness。
常用搭配：meticulous attention to detail（对细节一丝不苟）；meticulous planning（周密规划）；meticulous research（严谨研究）；be meticulous about sth.（对某事极其细致）。
例句：She kept meticulous records of every experiment. 她一丝不苟地记录了每次实验。 / The event was meticulously planned. 这次活动经过了周密策划。
同义词：careful, thorough, scrupulous, precise。
反义词：careless, sloppy, negligent。
辨析：meticulous 强调对细节极度重视；careful 含义较宽泛；thorough 强调完整、无遗漏；scrupulous 还可强调严格遵守道德或规则。"
resilient,"音标：英 /rzlint/；美 /rzlint/
词性：形容词（adj.）
中文释义：有复原力的；能迅速恢复的；有韧性的；有弹性的。
English definition: able to recover quickly from difficulties or change; able to return to an original shape after being bent or stretched.
词形变化：比较级 more resilient；最高级 most resilient；名词 resilience；副词 resiliently（较少用）。
常用搭配：a resilient economy（有韧性的经济）；resilient communities（适应力强的社区）；emotionally resilient（心理复原力强的）；highly resilient（极具韧性的）。
例句：Children are often more resilient than adults expect. 孩子往往比成年人想象的更有复原力。 / This material is lightweight and resilient. 这种材料轻便而有弹性。
同义词：tough, adaptable, hardy, flexible。
反义词：fragile, vulnerable, inflexible。
辨析：resilient 强调受挫或受压后的恢复能力；tough 强调坚强或耐用；adaptable 强调适应新环境的能力。"
ubiquitous,"音标：英 /jubkwts/；美 /jubkwts/
词性：形容词（adj.）
中文释义：无处不在的；普遍存在的。
English definition: seeming to be everywhere or found in many places at the same time.
词形变化：副词 ubiquitously；名词 ubiquity。
常用搭配：ubiquitous presence（无处不在的存在）；ubiquitous technology（普及各处的技术）；become ubiquitous（变得随处可见）；nearly ubiquitous（几乎无处不在）。
例句：Smartphones have become ubiquitous in modern life. 智能手机在现代生活中已经无处不在。 / The brand's logo is ubiquitous throughout the city. 这个品牌的标志在全城随处可见。
同义词：omnipresent, pervasive, universal, widespread。
反义词：rare, scarce, localized。
辨析：ubiquitous 表示仿佛到处都有；omnipresent 语气更强，有时带宗教意味；pervasive 强调渗透、扩散到各处，常可含负面意味；widespread 仅表示分布广。"
pragmatic,"音标：英 /prɡmtk/；美 /prɡmtk/
词性：形容词（adj.）
中文释义：务实的；讲求实际的；实用主义的。
English definition: dealing with problems in a practical way rather than relying on theories or abstract principles.
词形变化：比较级 more pragmatic；最高级 most pragmatic；副词 pragmatically；名词 pragmatism；名词 pragmatist（实用主义者）。
常用搭配：a pragmatic approach（务实的方法）；pragmatic solution（切实可行的解决方案）；pragmatic decision（务实的决定）；take a pragmatic view（采取务实观点）。
例句：We need a pragmatic solution that works within our budget. 我们需要一个在预算范围内切实可行的方案。 / She took a pragmatic approach to the negotiations. 她以务实的方式处理谈判。
同义词：practical, realistic, sensible, down-to-earth。
反义词：idealistic, impractical, unrealistic。
辨析：pragmatic 强调根据实际效果作判断；practical 可指实用、可操作或擅长实际事务；realistic 强调对现实有清醒认识。"
ambiguous,"音标：英 /mbɡjus/；美 /mbɡjus/
词性：形容词（adj.）
中文释义：含糊不清的；模棱两可的；可作多种解释的。
English definition: having more than one possible meaning and therefore not being clear or definite.
词形变化：比较级 more ambiguous；最高级 most ambiguous；副词 ambiguously；名词 ambiguity。
常用搭配：ambiguous language（含糊的语言）；ambiguous statement（模棱两可的陈述）；remain ambiguous（仍不明确）；deliberately ambiguous（故意含糊其词）。
例句：The wording of the contract is ambiguous. 合同的措辞含糊不清。 / His reply was deliberately ambiguous. 他的答复故意模棱两可。
同义词：unclear, vague, equivocal, open to interpretation。
反义词：clear, explicit, unambiguous, definite。
辨析：ambiguous 强调存在两种或更多解释；vague 强调缺少具体细节；equivocal 常暗示说话者故意含糊以回避表态。"
alleviate,"音标：英 /liviet/；美 /liviet/
词性：及物动词（vt.）
中文释义：减轻；缓和（疼痛、苦难或问题）。
English definition: to make pain, suffering, or a problem less severe.
词形变化：第三人称单数 alleviates；过去式/过去分词 alleviated；现在分词 alleviating；名词 alleviation。
常用搭配：alleviate pain（缓解疼痛）；alleviate poverty（减轻贫困）；alleviate symptoms（缓解症状）；help alleviate pressure（帮助缓解压力）。
例句：The medicine should alleviate the pain. 这种药应当能缓解疼痛。 / New measures were introduced to alleviate traffic congestion. 当局采取了新措施来缓解交通拥堵。
同义词：relieve, ease, mitigate, lessen。
反义词：aggravate, worsen, intensify, exacerbate。
辨析：alleviate 常用于痛苦、症状和社会问题；relieve 也可表示解除职责或使人宽慰；mitigate 较正式，强调降低严重程度；ease 更口语化。"
contemplate,"音标：英 /kntmplet/；美 /kɑntmplet/
词性：动词（v.）
中文释义：深思；仔细考虑；凝视；设想。
English definition: to think carefully about something for a long time; to consider doing something; to look thoughtfully at something.
词形变化：第三人称单数 contemplates；过去式/过去分词 contemplated；现在分词 contemplating；名词 contemplation；形容词 contemplative。
常用搭配：contemplate doing sth.（考虑做某事）；contemplate the future（思考未来）；contemplate a change（考虑改变）；quiet contemplation（静思）。
例句：She is contemplating moving to another city. 她正在考虑搬到另一个城市。 / He sat quietly, contemplating the painting. 他静静坐着，凝视并思索着那幅画。
同义词：consider, ponder, reflect on, meditate on。
反义词：disregard, ignore, dismiss。
辨析：contemplate 强调长时间认真思考，也可指凝视；consider 是最通用的“考虑”；ponder 强调反复权衡；meditate 常指沉思或冥想。"
inevitable,"音标：英 /nevtbl/；美 /nevtbl/
词性：形容词（adj.）；也可作名词，常见于 the inevitable。
中文释义：不可避免的；必然发生的；必然之事。
English definition: certain to happen and impossible to avoid or prevent.
词形变化：副词 inevitably；名词 inevitability。
常用搭配：an inevitable consequence（必然结果）；seem inevitable（似乎不可避免）；the inevitable outcome（必然结局）；accept the inevitable（接受不可避免之事）。
例句：Some degree of uncertainty is inevitable. 某种程度的不确定性是不可避免的。 / After months of losses, closure seemed inevitable. 连续亏损数月后，停业似乎已不可避免。
同义词：unavoidable, inescapable, certain, inexorable。
反义词：avoidable, preventable, uncertain。
辨析：inevitable 强调结果必然出现；unavoidable 强调无法避开；inexorable 较正式，强调某过程无法阻止或劝阻。"
eloquent,"音标：英 /elkwnt/；美 /elkwnt/
词性：形容词（adj.）
中文释义：雄辩的；有说服力的；善于表达的；传神地表明的。
English definition: fluent, persuasive, and effective in speaking or writing; clearly expressing a feeling or meaning without words.
词形变化：比较级 more eloquent；最高级 most eloquent；副词 eloquently；名词 eloquence。
常用搭配：an eloquent speech（雄辩的演说）；eloquent testimony（有力的证明）；wax eloquent（滔滔不绝地谈论）；speak eloquently（雄辩地讲话）。
例句：She gave an eloquent defense of press freedom. 她为新闻自由作了有说服力的辩护。 / His silence was more eloquent than words. 他的沉默比言语更能说明问题。
同义词：articulate, expressive, persuasive, fluent。
反义词：inarticulate, tongue-tied, unexpressive。
辨析：eloquent 强调表达优美且有感染力；articulate 强调能清楚准确地表达观点；fluent 主要强调语言流畅，并不必然有说服力。"
serendipity,"音标：英 /serndpti/；美 /serndpti/
词性：名词（n.，不可数）
中文释义：意外发现美好事物的机缘；机缘巧合。
English definition: the occurrence of finding interesting or valuable things by chance.
词形变化：形容词 serendipitous；副词 serendipitously。
常用搭配：a moment of serendipity（机缘巧合的一刻）；pure serendipity（纯属巧合的幸运发现）；by serendipity（因机缘巧合）；serendipitous discovery（偶然的幸运发现）。
例句：We met through pure serendipity. 我们的相遇纯属美好的机缘巧合。 / The drug was discovered by serendipity rather than design. 这种药并非刻意研发，而是偶然发现的。
近义词：chance, happy accident, fortuity。
反义词：该词没有严格对应的常用反义词；可按语境使用 misfortune（不幸）或 deliberate discovery（有意发现）。
辨析：serendipity 不只是普通的 chance，而是强调偶然遇到有价值或令人愉快之物；coincidence 仅指事件巧合，不一定带来积极结果；fortuity 较正式，强调偶然性。"
