笔记标题,笔记图片,文字说明,识别描述,分类,关键词,拍摄地点,拍摄时间,创建时间
滕王阁内王勃塑像与《滕王阁序》书法陈列,{35f1c158-be88-4200-8eee-aaa5ebbc3577}.jpg,王勃滕王阁序,照片拍摄于中式传统建筑室内，前景为唐代文学家王勃的立姿塑像，手持酒杯，脚边设酒壶；背景是一整面以木板书写的《滕王阁序》书法作品，带有题款和红色印章，上方可见蓝、绿、红相间的传统彩绘藻饰。整体为滕王阁内纪念王勃及其名篇《滕王阁序》的文化展示场景。,旅行出游,"['王勃', '滕王阁序', '滕王阁', '人物塑像', '书法', '木刻', '唐代文学', '古建筑', '文化展陈', '南昌']",滕王阁,2026-07-25 08:44:00,2026-09-01 08:45:25
清晨的第一杯咖啡,"{""笔记标题"":""清晨的第一杯咖啡"",""识别描述"":""木质桌面上放着一杯拉花拿铁，旁边摊开一本书，晨光从窗户斜照进来"",""分类"":""生活日常"",""关键词"":""咖啡,拉花,早晨,阳光""}",周末在家慢慢醒来的悠闲时刻,木质桌面上放着一杯拉花拿铁，旁边摊开一本书，晨光从窗户斜照进来,生活日常,"咖啡,拉花,早晨,阳光",家中客厅,2024-10-12 08:30:00,2024-10-12 09:05:00
会议室白板讨论记录,"{""笔记标题"":""会议室白板讨论记录"",""识别描述"":""白色书写板上写满流程图和关键词，桌上散落笔记本与马克笔"",""分类"":""工作学习"",""关键词"":""会议,白板,流程图,笔记""}",项目周会后随手拍下关键结论,白色书写板上写满流程图和关键词，桌上散落笔记本与马克笔,工作学习,"会议,白板,流程图,笔记",公司三楼会议室,2024-11-03 14:20:00,2024-11-03 15:10:00
故宫午门前合影,"{""笔记标题"":""故宫午门前合影"",""识别描述"":""红墙黄瓦的午门广场，游客不多，天空晴朗"",""分类"":""旅行出游"",""关键词"":""故宫,午门,红墙,旅行""}",第一次逛故宫，天气特别好,红墙黄瓦的午门广场，游客不多，天空晴朗,旅行出游,"故宫,午门,红墙,旅行",北京故宫,2024-09-18 11:45:00,2024-09-18 20:30:00
朋友聚餐的红油火锅,"{""笔记标题"":""朋友聚餐的红油火锅"",""识别描述"":""铜锅翻滚着红油汤底，桌上摆满毛肚、鸭血和蔬菜拼盘"",""分类"":""美食餐饮"",""关键词"":""火锅,红油,聚餐,毛肚""}",好久没这样热闹地吃一顿,铜锅翻滚着红油汤底，桌上摆满毛肚、鸭血和蔬菜拼盘,美食餐饮,"火锅,红油,聚餐,毛肚",成都春熙路某火锅店,2024-12-07 19:10:00,2024-12-07 22:40:00
毕业十年同学聚会,"{""笔记标题"":""毕业十年同学聚会"",""识别描述"":""十余人围坐长桌举杯，背景是餐厅暖色灯光"",""分类"":""人物纪念"",""关键词"":""同学,聚会,毕业,合影""}",十年未见，大家变化都不大,十余人围坐长桌举杯，背景是餐厅暖色灯光,人物纪念,"同学,聚会,毕业,合影",上海外滩附近餐厅,2024-08-24 18:50:00,2024-08-25 00:15:00
西湖断桥残雪,"{""笔记标题"":""西湖断桥残雪"",""识别描述"":""薄雪覆盖的石桥与湖面，远处雷峰塔轮廓隐约可见"",""分类"":""风景建筑"",""关键词"":""西湖,断桥,雪景,雷峰塔""}",难得赶上杭州初雪,薄雪覆盖的石桥与湖面，远处雷峰塔轮廓隐约可见,风景建筑,"西湖,断桥,雪景,雷峰塔",杭州西湖断桥,2025-01-05 09:20:00,2025-01-05 12:00:00
祖父留下的机械手表,"{""笔记标题"":""祖父留下的机械手表"",""识别描述"":""银色表壳、罗马数字表盘，表带有轻微磨损痕迹"",""分类"":""物品收藏"",""关键词"":""手表,机械表,收藏,祖父""}",今天拿出来上了发条,银色表壳、罗马数字表盘，表带有轻微磨损痕迹,物品收藏,"手表,机械表,收藏,祖父",家中书房,2024-11-20 16:05:00,2024-11-20 16:30:00
本月水电费缴费凭证,"{""笔记标题"":""本月水电费缴费凭证"",""识别描述"":""打印的缴费回执单，含户号、金额与收费单位印章"",""分类"":""文档票据"",""关键词"":""水电费,发票,缴费,回执""}",备用归档，避免下次找不到,打印的缴费回执单，含户号、金额与收费单位印章,文档票据,"水电费,发票,缴费,回执",家中书桌,2024-12-01 10:00:00,2024-12-01 10:12:00
产品交互草图灵感,"{""笔记标题"":""产品交互草图灵感"",""识别描述"":""草稿纸上用黑色签字笔画的App界面线框和箭头注释"",""分类"":""灵感创意"",""关键词"":""草图,交互,线框,灵感""}",地铁上突然想到的流程改进,草稿纸上用黑色签字笔画的App界面线框和箭头注释,灵感创意,"草图,交互,线框,灵感",通勤地铁,2024-10-28 08:15:00,2024-10-28 09:40:00
窗台上晒太阳的橘猫,"{""笔记标题"":""窗台上晒太阳的橘猫"",""识别描述"":""一只橘色短毛猫蜷在窗台垫子上，半眯着眼"",""分类"":""其他"",""关键词"":""猫咪,橘猫,晒太阳,宠物""}",它每天固定这个位置,一只橘色短毛猫蜷在窗台垫子上，半眯着眼,其他,"猫咪,橘猫,晒太阳,宠物",家中飘窗,2024-11-15 14:40:00,2024-11-15 15:00:00
清晨公园慢跑打卡,"{""笔记标题"":""清晨公园慢跑打卡"",""识别描述"":""林荫步道、晨雾未散，手表显示配速数据"",""分类"":""生活日常"",""关键词"":""跑步,公园,晨练,打卡""}",连续打卡第30天,林荫步道、晨雾未散，手表显示配速数据,生活日常,"跑步,公园,晨练,打卡",城市中心公园,2024-12-15 06:50:00,2024-12-15 07:30:00
三亚海边日落剪影,"{""笔记标题"":""三亚海边日落剪影"",""识别描述"":""橙红色天空映在海面，远处有帆船和椰树轮廓"",""分类"":""旅行出游"",""关键词"":""日落,海边,三亚,剪影""}",这次旅行最喜欢的一张,橙红色天空映在海面，远处有帆船和椰树轮廓,旅行出游,"日落,海边,三亚,剪影",三亚亚龙湾,2025-01-12 18:22:00,2025-01-12 21:05:00
