文稿标题,笔记标题,解说文案
滕王阁内王勃塑像与《滕王阁序》书法陈列·解说,滕王阁内王勃塑像与《滕王阁序》书法陈列,{35b61a57-79f9-4e2e-995f-4f8df1821ccf}.md
晨间第一杯的仪式感,清晨的第一杯咖啡,大家好，今天想跟大家分享清晨的第一杯咖啡。画面里阳光正好洒在木质桌面上，一杯热气腾腾的美式静静冒着香气，旁边还摊着一本打开的书。用户特意记下这份简单的仪式感，提醒自己每天都要从容开启。日后听着这段，仿佛又能闻到那熟悉的味道，找回清晨的宁静。
白板上的灵感碰撞,会议室白板讨论记录,朋友们好，这张是会议室白板讨论记录。照片里密密麻麻写着产品流程和箭头，几支彩笔随意搁在托盘上，气氛热烈又专注。用户想留下这次头脑风暴的关键节点，方便日后回听时迅速回忆当时的思路。听着这段解说，那些讨论的画面又会清晰起来。
故宫午门前的合影,故宫午门前合影,大家好，今天讲的是故宫午门前合影。红墙黄瓦在阳光下格外庄严，几位朋友并肩站在午门前，笑容轻松。用户想记下这次难得的故宫之行，以及和朋友们一起的珍贵瞬间。日后听着这段，仿佛又能感受到那天的微风和喜悦。
红油火锅的温暖聚会,朋友聚餐的红油火锅,各位好，这张是朋友聚餐的红油火锅。红油翻滚，菜品码得满满当当，蒸汽模糊了镜头，笑声却很清楚。用户想记录下这份热闹和满足，提醒自己珍惜和朋友围坐一桌的时光。听着这段，火锅的香味和当时的快乐好像又回来了。
十年后再见的同学情,毕业十年同学聚会,大家好，今天分享毕业十年同学聚会。照片里老同学围坐举杯，有人已略显成熟，笑容却还是当年的样子。用户想留下这份重逢的感动，记下大家近况和未变的情谊。日后听着这段，那些熟悉的面孔和故事会再次温暖心头。
断桥残雪的冬日印象,西湖断桥残雪,朋友们好，这张是西湖断桥残雪。薄雪覆在石桥和湖面上，远处山影朦胧，行人寥寥，安静得像一幅画。用户想记住这次难得的雪中西湖，以及那份清冷又美好的心情。听着这段解说，仿佛又能感受到当时的寒意与诗意。
祖父留下的时光信物,祖父留下的机械手表,大家好，今天讲祖父留下的机械手表。表盘略有包浆，指针仍在走动，放在旧木盒里显得格外珍贵。用户想记下这份家族记忆，以及戴上它时对祖父的思念。日后听着这段，那份沉甸甸的情感会再次被唤起。
本月水电的生活痕迹,本月水电费缴费凭证,各位好，这张是本月水电费缴费凭证。单据整齐放在桌面，数字清晰，旁边还有一支笔。用户想简单记下生活开销，方便日后核对和回顾日常点滴。听着这段，那些平凡却真实的日子会慢慢浮现出来。
草图里的产品灵感,产品交互草图灵感,大家好，今天分享产品交互草图灵感。纸上线条流畅，几个界面框和箭头勾勒出核心流程，旁边还有几句随手批注。用户想留下这次灵光一现的构思，方便日后听着回顾当时的想法。听着这段，创作时的兴奋感好像又回来了。
窗台橘猫的午后时光,窗台上晒太阳的橘猫,朋友们好，这张是窗台上晒太阳的橘猫。橘猫蜷成一团，眼睛半眯，阳光把它的毛照得暖洋洋。用户想记下这只猫带来的治愈瞬间，以及家的那份安静。日后听着这段，仿佛又能看见它懒洋洋的样子，心情也会跟着放松。
公园慢跑的打卡记录,清晨公园慢跑打卡,大家好，今天讲清晨公园慢跑打卡。晨雾未散，跑道边绿意正好，用户穿着运动装微笑着比耶。想留下坚持运动的证据，也提醒自己保持这份活力。听着这段解说，清晨的空气和脚步声好像又近了。
三亚海边的日落剪影,三亚海边日落剪影,各位好，这张是三亚海边日落剪影。天空被染成橘红，人影拉得很长，海浪轻轻拍岸。用户想记下这次旅行里最温柔的一刻，以及当时心里的平静。日后听着这段，那片海和那轮落日会再次出现在眼前。
