问题,页面布局,页面主题,明暗模式,图解文件
敏捷开发从需求到上线：待办、迭代、评审、发布之间的依赖与反馈如何循环？,sheet,blueprint,dark,{b9c26e5f-502a-47e8-b590-1f1a434f6fce}.html
光合作用中光反应与碳反应如何衔接：能量、电子和物质分别如何流动？,doc,paper,light,{f317e204-6cf2-458a-846d-90e82f781a59}.html
TCP连接建立与释放：三次握手、四次挥手各自交换什么，状态如何变化，为何需要这些步骤？,sheet,auto,auto,{2a5b53b6-f953-4a88-b824-b589df39c7e9}.html
HTTP缓存如何决策：强缓存与协商缓存的判断顺序，以及各自命中或失效后的结果？,doc,shadcn,auto,
神经网络一次训练：前向传播、损失计算与反向传播之间的数据与梯度关系是什么？,sheet,auto,dark,
地球水循环：蒸发、输送、降水、径流与下渗如何构成闭合路径？,doc,blueprint,light,
电商订单生命周期：下单、支付、履约、签收、售后各状态如何转换，哪些分支会终止？,sheet,paper,auto,
Git协作流程：功能分支、提交、拉取、合并与冲突处理的先后关系是什么？,doc,shadcn,dark,
先天免疫与适应性免疫：识别、激活、效应与记忆在时间上如何衔接？,sheet,auto,light,
个人现金流：收入、必要支出、储蓄、投资与负债偿还之间如何分配与回流？,doc,paper,auto,
温室效应的因果链：辐射收支、温室气体、温度反馈与主要不确定环节如何关联？,sheet,blueprint,auto,
数据库事务：BEGIN、读写、提交或回滚，以及隔离级别对可见性的影响如何对应？,doc,shadcn,light,