求问事项,牌阵,占卜解读
"近期是否适合跳槽换工作","三牌阵","抽牌：过去-隐者（正位）、现在-战车（正位）、未来-星币十（正位）。隐者提示你过去一段时间习惯独自摸索，信息收集已较充分，但也可能因过度谨慎而错过窗口。战车出现在现在，说明行动力与目标感正在回升，适合把模糊意向变成可执行计划，而不是继续观望。星币十落在未来，指向更稳定的物质基础与团队归属，跳槽本身不是命运宣判，关键在于岗位是否匹配长期积累。建议本周列出三家目标公司的岗位说明书，对照自己近两年可量化成果各写三条证据；同时与一位行业前辈做15分钟信息访谈，核实加班、晋升与业务真实性。若两周内仍无法获得具体offer线索，先把现岗位做成可展示作品集，再决定是否递出辞职意向。"
"这段感情还能走下去吗","凯尔特十字","抽牌：现状-恋人（正位）、挑战-宝剑三（逆位）、过去-圣杯二（正位）、未来-节制（正位）、意识-月亮（逆位）、潜意识-隐士（正位）、建议-星币骑士（正位）、外部-权杖五（正位）、希望-太阳（正位）、结果-世界（正位）。恋人说明双方仍有真实选择权，并非被命运绑死。宝剑三逆位提示旧伤未完全说开，痛感在减弱但回避仍在。节制与世界指向可以走得更远，前提是节奏被调匀。建议今晚不要讨论“分手还是结婚”这种终局题，改问三个具体问题：每周固定相处时长、金钱分摊规则、遇到冲突时冷却多久再谈。本月选一个低压力共同任务（一起完成一次短途出行或共同处理一件家务流程），用行为而不是承诺测试配合度。若连续两次沟通仍被打断或被嘲讽，先暂停重大承诺，寻求第三方咨询，而不是用占卜代替决定。"
"下个月考试能顺利通过吗","单张牌","抽牌：权杖八（正位）。此牌强调速度、信息集中与短周期冲刺，并不保证满分，但提示你正处于高效窗口。建议把剩余复习日按科目拆成每日两块90分钟深度时段，每块只攻一个题型；手机放到另一房间，用纸质错题本记录“会做错的原因”而非只抄答案。考前三天只做真题限时模拟，不再新开章节。考试当天先做会的题，把时间分配写在卷首。通过与否取决于覆盖率和心态管理，把“一定过”换成“按计划完成每一段复习”，结果会更可控。"
"现在该不该换城市租房","五牌阵","抽牌：现状-高塔（逆位）、目标-星币四（正位）、障碍-圣杯七（正位）、资源-权杖三（正位）、建议-正义（正位）。高塔逆位表示你已感到现居环境摇晃，但崩塌尚未发生，仍有缓冲。星币四提醒新城市首先要算清现金安全垫，而不是先追求生活方式。圣杯七是选项过多导致的幻想，容易把“可能更好”当成“一定更好”。权杖三显示你已有远望与合作资源。建议先做三栏表：月固定支出、离职/远程后的收入波动、搬家一次性成本；安全垫至少覆盖四个月再签约。本周末实地看两处房源并记录通勤实测时间，不要只看照片。若新城市尚无确定收入来源，先短租一个月试住，避免一年长约锁死。"
"最近总觉得精力很差该怎么办","月亮牌阵","抽牌：内在-月亮（正位）、表层-星星（正位）、潜意识-倒吊人（正位）、外在影响-宝剑九（逆位）、指引-女祭司（正位）。月亮指出焦虑与睡眠被不确定感放大；星星给出可恢复的信号；倒吊人要求先停掉无效努力；宝剑九逆位说明最糟的自我惊吓正在消退；女祭司强调听身体而不是再加一杯咖啡硬撑。建议连续七天固定23:30熄屏，起床后10分钟日照与一杯水，中午只安排一件必须完成的事。把“我是不是生病了”的搜索暂停三天，改记睡眠、饮食、运动三列简单日志。若心悸、持续发热或情绪低落到影响进食，及时就医，占卜不能替代检查。精力回升来自节律，不来自一次顿悟。"
"手头闲钱适合做短期投资吗","马蹄形","抽牌：过去-星币五（正位）、现在-命运之轮（正位）、显化-宝剑骑士（逆位）、挑战-恶魔（正位）、环境-星币国王（正位）、建议-隐者（正位）、结果-节制（正位）。你曾经历过拮据，所以对机会更敏感；命运之轮带来波动窗口，但宝剑骑士逆位警告冲动追涨。恶魔指向被“轻松赚钱”叙事钩住的风险。星币国王要求用规则而非情绪。建议闲钱先分三桶：应急金不动、三个月内要用的钱只放货币类工具、真正可亏损的部分才考虑投资且不超过总流动资金的20%。本周不新开杠杆或陌生项目；先写清买入理由、止损线和持有期限，三条写不全就不动手。把“会不会一夜翻倍”改成“这笔钱亏掉是否影响房租和保险”。"
"和同事关系紧张如何缓和","三牌阵","抽牌：你-宝剑国王（逆位）、对方-权杖骑士（正位）、关系-圣杯四（正位）。你可能说话过直或评判过多，对方行动快、好胜，关系停在冷淡观望。建议下一次协作先复述对方目标再提修改，避免当众纠正。本周找一个低利害共同任务（一起整理文档或对一下排期）重建基本信任。冲突发生时用“我观察到截止日期和交付标准不一致”代替人格评价。若对方持续越界，把事实用邮件留痕并向上同步一次，而不是在茶水间结盟。关系可以降温，不必立刻变好友。"
"今年内创业还是先打工积累","凯尔特十字","抽牌：现状-权杖王牌（正位）、挑战-星币七（逆位）、过去-愚者（正位）、未来-战车（逆位）、意识-皇帝（正位）、潜意识-圣杯八（正位）、建议-星币三（正位）、外部-权杖十（正位）、希望-太阳（正位）、结果-命运之轮（正位）。你确有新念头，但星币七逆位说明产品与现金流验证不足。战车逆位提醒不要为了“赶紧当老板”而失控。星币三建议先做小团队或副业协作。建议给自己90天验证：列出最小可行产品、首位付费用户从哪来、每月最低生活成本。白天工作保留现金流，晚上与周末只做验证，不辞职。若90天内拿不到哪怕很小的真实付款或明确意向，继续打工并每月复盘一次，而不是用热情覆盖数字。"
"国庆适合出远门旅行吗","单张牌","抽牌：权杖三（正位）。远望与扩展是支持的，但此牌也要求先看清航线再出发。建议先确认假期交通与住宿的退改政策，选择一个主题明确的目的地（一座城或一条线路），不要三天打卡五个景点。出行前把证件、药品、充电器做成清单；把预算上限写在备注里，超支即删一项活动。若最近工作截止日就在节后第一周，改为两日近郊，把精力留给收尾。旅行的质量来自节奏，不来自距离。"
"如何处理和家人的钱财矛盾","五牌阵","抽牌：现状-宝剑五（正位）、目标-星币十（正位）、障碍-皇帝（逆位）、资源-圣杯六（正位）、建议-正义（正位）。争论已有输赢心，目标其实是家庭整体安稳。皇帝逆位可能是规则不清或权威被误用。建议召开一次限时45分钟的家庭会议，只讨论三件事：共同开支清单、个人支配额度、大额支出需几人同意。用表格而不是情绪发言。会后把约定发到家庭群，避免口说无凭。本月先执行小额规则（如日常采购AA或轮流），再处理房产贷款等大题。若涉及法律权属，咨询专业人士，占卜只帮助沟通节奏。"
"想提升自己但总半途而废怎么办","月亮牌阵","抽牌：内在-力量（逆位）、表层-权杖八（正位）、潜意识-倒吊人（逆位）、外在-星星（正位）、指引-隐者（正位）。不是你懒，是意志被消耗在启动过多次。建议只保留一个技能目标，周期定为21天，每天固定20分钟，放在已有习惯之后（如早餐后）。把进度打卡发给一位朋友，只报告“做了/没做”，不解释。21天内禁止换课程、换App。若中断一天，第二天原时长继续，不补课加码。成长来自重复可见的小动作。"
"领导暗示调动岗位该不该答应","马蹄形","抽牌：过去-正义（正位）、现在-权杖六（正位）、显化-宝剑二（正位）、挑战-月亮（正位）、环境-皇帝（正位）、建议-女皇（正位）、结果-星币八（正位）。你过往表现被看见，当前有被肯定的迹象，但宝剑二显示你卡在两难，月亮则是信息不足。建议48小时内向领导提三个具体问题：新岗位考核指标、试用或适应期多长、与原团队的汇报关系。同时私下问一位过来人真实工作强度。把答案写成利弊表，给每项打1-5分。若新岗位能让你在半年内交出一件可展示成果，可以答应并约定复盘节点；若全是口头好话没有指标，先争取书面说明再决定。答应不是终点，是下一份工作说明书的开始。"