内容范围,学科,学段,学习内容,资料文件,导图结果
三年级上册识字与写字单元,语文,小学,常见偏旁部首、形近字辨析、看拼音写词语、扩词造句,,
四年级分数初步认识,数学,小学,分数的意义、分数与除法、真分数假分数、同分母分数加减,,
五年级英语日常交际话题,英语,小学,日常问候、家庭成员、学校生活核心词汇与简单一般现在时句型,,
七年级上册有理数与整式,数学,初一,正负数、数轴、绝对值、有理数四则运算、整式加减,,
七年级英语时态入门,英语,初一,be动词、一般现在时、现在进行时结构、标志词及肯定否定疑问句转换,,
八年级力学基础,物理,初二,力的概念与三要素、重力弹力摩擦力、牛顿第一定律、二力平衡,,
八年级记叙文阅读与写作,语文,初二,六要素、线索与顺序、描写抒情议论、中心与详略、开头结尾常见技法,,
八年级生物人体生理,生物,初二,消化吸收、血液循环、呼吸与气体交换、神经调节反射弧,,
九年级化学酸碱盐专题,化学,初三,溶液酸碱性、常见酸碱盐性质、复分解反应条件、中和反应与pH,,
九年级二次函数与图像,数学,初三,一般式顶点式、开口对称轴顶点、增减性最值、与x轴交点及实际问题,,
九年级遗传与进化核心概念,生物,初三,染色体DNA基因、性状遗传、变异类型、自然选择与进化,,
初中科学实验方法专题,其他,初二,控制变量法、转换法、等效替代、实验设计步骤与误差分析,,