文章标题或主题,风格,视觉重点,真人使用方式,素材文件,封面比例,补充要求,封面图片
再论“没有银弹”：AI 会写代码以后,自动选择,自动选择,不使用真人,{28f69b14-481c-4f9b-b7ee-9191a0c0f4fc}.jpg,,,{fec3fd45-c3fd-43e1-80ce-8641f6dfeb3e}.png
7天学会用AI做小红书封面,暖色手绘教程风,流程,不使用真人,,21:9,必须完整保留标题原文，避免蓝色和紫色,
这款降噪耳机我连续测了30天,高饱和实测冲击风,产品或界面,不使用真人,,3:4,突出产品主体，标题字号要大，避开绿色,
深夜加班后我靠这3步把报告写完了,手写结果承诺风,结果,使用参考人物,,16:9,人物侧坐看屏幕，保留标题全部文字，不要加品牌Logo,
2025年个人知识管理系统搭建全流程,产品后台沉浸风,产品或界面,不使用真人,,21:9,界面元素清晰可读，深色背景，不要真人,
从0到1做出爆款短视频脚本,黑金步骤爆款风,流程,不使用真人,,1:1,步骤数字要醒目，黑金配色，标题一字不改,
我把旧房改成了能赚钱的工作室,撕纸拼贴风,故事场景,原图直接放入或抠图,,4:5,保留原图人物表情服装发型，撕纸边缘自然,
普通人如何用Notion管理全年目标,编辑杂志风,标题,不使用真人,,21:9,杂志排版感，衬线标题，留白充足,
AI绘画从入门到接单变现,深色科技爆发风,标题,不使用真人,,16:9,科技光效，不要虚构Logo，标题完整保留,
30天减脂打卡真实对比,高饱和实测冲击风,结果,使用参考人物,,3:4,对比感强，人物身份一致，避开荧光黄,
手把手教你做第一份产品主图,产品主视觉风,产品或界面,不使用真人,,1:1,产品居中放大，干净背景，补充要求：不要加水印,
周末两小时整理出能用一年的衣橱,暖色手绘教程风,故事场景,不使用真人,,4:5,暖色手绘质感，生活场景，标题不改写,
为什么你的PPT永远不够高级,编辑杂志风,标题,不使用真人,,21:9,杂志封面构图，主标题最大，避开红色,
