任务标题,开始日期,结束日期,生成类型,生成结果
我的专属故事-2026-08-10至2026-08-16,2026-08-10,2026-08-16,专属故事,{813f8f3d-eb81-45e1-a5c9-7eac9a22c230}.md
我的专属故事-2026-07-03至2026-07-09,2026-07-03,2026-07-10,专属故事,{9b958c99-1281-4a5c-a21a-3621b619c759}.md
我的专属故事-2026-07-03至2026-07-09,2026-07-03,2026-07-10,专属故事,ASK_34878cdb-b25a-4b97-ba2b-a1f4ff89fe0e
我的专属故事-2026-07-03至2026-07-09,2026-07-03,2026-07-10,专属故事,{148edd5f-346e-44f9-89c8-8051e61033ac}.md
我的专属故事-2026-07-03至2026-07-09,2026-07-03,2026-07-10,专属故事,ASK_3adffd4d-8d94-4a5a-81d1-7619654a5b8e
九月上旬人格画像,2024-09-01,2024-09-10,画像摘要,该时段整体呈现出沉稳内敛又带有温柔好奇的人格画像。情绪基调以平静中的微光为主，核心主题围绕自我觉察、日常微小美好与关系中的细腻连接展开。你善于从平凡中提炼意义，既有独处的深度，也有对他人温暖的回应。
国庆周报,2024-10-01,2024-10-07,周报,本周亮点：假期与家人共度的轻松时光，以及一次意外的灵感迸发。情绪波动：前期兴奋高涨，中期因琐事略有低落，周末回归平和。灵感收获：从旅行见闻中捕捉到关于‘归属感’的新视角。生活片段：清晨公园散步时拍下的落叶、与旧友深夜畅谈的笑声。
秋日专属故事,2024-09-15,2024-09-30,专属故事,在秋风渐起的九月下半月，你像一片被阳光温暖过的落叶，慢慢飘向自己的内心。那些零碎的记录——咖啡馆角落的沉思、雨后街道的湿润气息、与朋友分享的沉默——被编织成一个关于‘温柔回归’的故事。你发现，真正的故事不是轰轰烈烈的冒险，而是每一次允许自己慢下来的勇气。
十月中旬画像,2024-10-08,2024-10-15,画像摘要,人格画像愈发清晰：理性与感性交织，带着克制的热情。情绪基调偏向沉思与微微的期待，核心主题是‘边界与连接’——你在保护内心空间的同时，也小心翼翼地伸出手触碰世界。
工作周报,2024-10-14,2024-10-20,周报,本周亮点：项目推进顺利，收获同事肯定。情绪波动：周一压力较大，周三后逐渐舒缓，周五有小确幸。灵感收获：从一次失败中提炼出‘迭代思维’。生活片段：深夜加班后的热汤、阳台上看见的满月。
记忆编织故事,2024-09-20,2024-10-05,专属故事,那些日子里，你把‘记录时间’的碎片串成一条发光的线。从九月底的犹豫，到十月初的坚定，故事里有雨天的伞、有分享的笑、有独自面对的沉默。最终，你明白：专属的故事从来不是完美的，而是真实得让人想哭又想笑。
十一月初画像摘要,2024-11-01,2024-11-07,画像摘要,整体人格画像温暖而坚定，带着秋末的成熟。情绪基调是安稳中的微澜，核心主题聚焦‘沉淀与重启’。你展现出对变化的从容接纳，以及对内心声音的忠实践行。
周末灵感周报,2024-11-04,2024-11-10,周报,本周亮点：完成一次深度阅读与创作。情绪波动：平稳为主，偶有因天气引发的轻微低落。灵感收获：从自然观察中获得关于‘循环’的隐喻。生活片段：书店偶遇旧书、傍晚骑行时的风声。
冬日序章故事,2024-11-10,2024-11-20,专属故事,十一月的风带来故事的序章。你把那些关于地点、情绪与标签的记忆，织成一床温暖的毯子。故事里的你，既是观察者，也是参与者；既在记录时间，也被时间温柔地记录。最终的共鸣是：即使世界变冷，内心仍可生火。
年中回顾画像,2024-06-01,2024-06-30,画像摘要,该时段人格画像充满生机与探索欲。情绪基调明快中带有思辨，核心主题是‘成长的阵痛与喜悦’。你展现出对未知的勇敢拥抱，以及从每一次体验中提炼智慧的能力。
夏日周报精选,2024-07-08,2024-07-14,周报,本周亮点：一次成功的户外活动与新技能尝试。情绪波动：热情高涨，中间因疲劳略有起伏，周末恢复活力。灵感收获：从自然中学到‘节奏感’。生活片段：海边的日落、朋友聚会的欢笑、深夜的灵感笔记。
