收藏编号,任务编号,图片编号,收藏备注,收藏时间
SC20260518001,HP20260518001,TP20260518001,主视觉构图清晰适合首页展示,2026-05-18 09:12:00
SC20260518002,HP20260518002,TP20260518002,配色统一可用于活动预热,2026-05-18 09:28:00
SC20260518003,HP20260518003,TP20260518003,标题层级突出适合社媒投放,2026-05-18 10:05:00
SC20260518004,HP20260518004,TP20260518004,留白合理便于后续添加二维码,2026-05-18 10:36:00
SC20260518005,HP20260518005,TP20260518005,人物与产品比例协调建议保留,2026-05-18 11:10:00
SC20260518006,HP20260518006,TP20260518006,背景质感较好适合品牌宣传,2026-05-18 11:47:00
SC20260518007,HP20260518007,TP20260518007,促销信息醒目可作为备选方案,2026-05-18 13:15:00
SC20260518008,HP20260518008,TP20260518008,整体风格年轻化适合短视频封面,2026-05-18 14:02:00
SC20260518009,HP20260518009,TP20260518009,色彩对比强烈适合节日专题,2026-05-18 14:44:00
SC20260518010,HP20260518010,TP20260518010,文案区域完整适合直接排期发布,2026-05-18 15:21:00
SC20260518011,HP20260518011,TP20260518001,版式稳定可作为系列模板参考,2026-05-18 16:03:00
SC20260518012,HP20260518012,TP20260518002,视觉焦点明确适合收藏复用,2026-05-18 16:38:00
