图片编号,任务编号,图片用途,是否满意,生成时间,图片
IMG17790916983804046,TASK17790916423553108,彩色参考图,是,2026-05-18 16:08:18,{25724ec9-610c-49e0-9144-036e482b7709}.png
TP20260518001,HP20260518001,彩色参考图,是,2026-05-18 09:00:00,生成一张适合小学生临摹的彩色手绘海报图片，画面干净、构图清晰、线条简单、元素可爱，不要过度复杂，文字区域清楚可见。海报方案：HP20260518001 对应方案。图片用途：彩色参考图。
TP20260518002,HP20260518002,黑白线稿,是,2026-05-18 09:15:00,生成一张适合小学生临摹的黑白线稿海报图片，保留清晰轮廓和大块留白，构图简洁，元素可爱，文字区域清楚可见。海报方案：HP20260518002 对应方案。图片用途：黑白线稿。
TP20260518003,HP20260518003,局部元素参考,否,2026-05-18 09:30:00,生成一张适合小学生临摹的局部元素参考图，突出主要装饰元素，线条简单，形状圆润可爱，不要过度复杂。海报方案：HP20260518003 对应方案。图片用途：局部元素参考。
TP20260518004,HP20260518004,彩色参考图,是,2026-05-18 09:45:00,生成一张适合小学生临摹的彩色手绘海报图片，色彩明亮柔和，版面清楚，标题区域和正文区域易于辨认。海报方案：HP20260518004 对应方案。图片用途：彩色参考图。
TP20260518005,HP20260518005,黑白线稿,是,2026-05-18 10:00:00,生成一张适合小学生临摹的黑白线稿海报图片，边框、标题框和插画元素清楚，线条干净，避免细碎纹理。海报方案：HP20260518005 对应方案。图片用途：黑白线稿。
TP20260518006,HP20260518006,局部元素参考,是,2026-05-18 10:15:00,生成一张适合小学生临摹的局部元素参考图，展示可爱的图标、边框或小插画元素，方便复制到海报中。海报方案：HP20260518006 对应方案。图片用途：局部元素参考。
TP20260518007,HP20260518007,彩色参考图,否,2026-05-18 10:30:00,生成一张适合小学生临摹的彩色手绘海报图片，主体突出，配色清爽，文字区域保持空白并有明显边界。海报方案：HP20260518007 对应方案。图片用途：彩色参考图。
TP20260518008,HP20260518008,黑白线稿,是,2026-05-18 10:45:00,生成一张适合小学生临摹的黑白线稿海报图片，画面结构稳定，元素数量适中，便于涂色和二次创作。海报方案：HP20260518008 对应方案。图片用途：黑白线稿。
TP20260518009,HP20260518009,局部元素参考,是,2026-05-18 11:00:00,生成一张适合小学生临摹的局部元素参考图，元素包括简单边框、角花和可爱小图案，线条清楚。海报方案：HP20260518009 对应方案。图片用途：局部元素参考。
TP20260518010,HP20260518010,彩色参考图,是,2026-05-18 11:15:00,生成一张适合小学生临摹的彩色手绘海报图片，构图清晰，图文分区明确，整体风格活泼但不复杂。海报方案：HP20260518010 对应方案。图片用途：彩色参考图。
