题目,题目类型,题目图片,可视化文件
"在平面直角坐标系中，已知点A(1,2)、B(4,6)。求线段AB的中点坐标，并作出以AB为直径的圆，观察圆上任意一点P与A、B所成角∠APB的大小。",平面几何,,{f4b0917b-189c-4ddd-bc0d-f6cae977071e}.html
"在平面直角坐标系中，已知点A(1,2)、B(4,6)。求线段AB的中点坐标，并作出以AB为直径的圆，观察圆上任意一点P与A、B所成角∠APB的大小。",平面几何,,
已知正方体ABCD-A1B1C1D1的棱长为2，点E、F分别为棱AA1、CC1的中点。求截面BDEF的形状，并观察当截面绕BD旋转时与各棱的交点变化。,立体几何,,
"函数y=ax+bx+c（a≠0）的图像过点(0,1)和(1,0)。拖动参数a、b，观察抛物线开口方向、顶点位置与对称轴的变化，并找出与x轴交点个数为2时a、b的取值范围。",函数图像,,
边长为4的正方形ABCD中，动点P从A出发沿AB→BC→CD→DA匀速运动一周。设AP所走路程为t，连接P与正方形中心O，观察线段PO长度随t的变化，并作出PO关于t的函数图像。,动点问题,,
椭圆x/a+y/b=1（a>b>0）的离心率e=0.6，焦距为6。作出该椭圆，拖动椭圆上一点M，观察焦点F1、F2与M的连线MF1+MF2是否恒等于2a，并显示焦半径与离心角的关系。,解析几何,,
在同一坐标系中作出不等式组 y≥x-2x 且 y≤-x+3 所表示的平面区域。拖动边界直线与抛物线，观察可行域面积的变化，并标出可行域内使x+y最大的点。,方程不等式,,
"已知向量a=(2,1)，向量b=(-1,3)。作出a、b及其和与差，拖动终点观察平行四边形法则；再作出λa+μb（λ、μ可调），观察当λ+μ=1时终点的轨迹。",向量问题,,
Rt△ABC中∠C=90°，AC=3，BC=4。以斜边AB为直径作圆，在圆上任取一点P（异于A、B），连接PC。观察∠APC与∠BPC的关系，并验证射影定理。,平面几何,,
正三棱锥P-ABC中，底面边长为6，侧棱长为5。作出该三棱锥，过棱PA上动点M作平行于底面的截面，观察截面形状、面积随PM变化的规律。,立体几何,,
"作出函数y=sin(ωx+φ)（ω、φ可调）与y=cos x的图像。拖动ω、φ，观察两图像交点个数的变化，并找出在[0,2π]上恰有2个交点时参数的取值。",函数图像,,
抛物线y=x上有一动点P，过P作斜率为k的直线交抛物线于另一点Q。固定k=-1，拖动P，观察弦PQ中点的轨迹；再改变k，比较不同斜率下中点轨迹的差异。,动点问题,,
双曲线x/4-y/5=1的右支上有动点P，F为右焦点。作出PF并延长交左支于Q，观察|PF|-|QF|是否恒为定值，并显示渐近线与P点切线的夹角变化。,解析几何,,
