记录ID,梦境内容,记录日期,梦境类型,情绪,解析结果
1776741500376,梦见在天空中飞翔，俯瞰美丽风景,2026-04-21 11:18:13,美梦,快乐,{6532b83f-b5ef-484f-8e10-bd2e1e26c4dd}.md
REC001,我飞翔在天空中，俯瞰整个城市，感觉无比自由和快乐。,2024-10-01 07:30:00,美梦,"快乐,平静",## 梦境概述\n用户梦见自己飞翔在天空中，俯瞰城市，体验自由与快乐。\n\n## 象征解释\n飞行是经典梦境象征，代表对自由的渴望、超越现实限制。根据弗洛伊德，这可能源于性欲或野心的升华；荣格视之为个体化过程，连接更高自我。城市景观象征社会结构，用户从中获得掌控感。\n\n## 心理洞察\n潜意识中反映对日常压力的逃脱欲，暗示用户寻求更多自主性，可能在工作中或关系中感到束缚。\n\n## 情绪关联\n快乐与平静直接链接梦中自由感，表明用户内心有积极能量储备，但需警惕现实中未满足的自主需求。\n\n## 成长建议\n尝试冥想或极限运动释放自由欲；记录日常成就以强化掌控感；探索职业或兴趣变化。
REC002,我的牙齿突然全部掉落，血流不止，我惊恐万分。,2024-10-02 06:45:00,噩梦,"恐惧,悲伤",## 梦境概述\n用户梦见牙齿突然掉落，伴随出血和惊恐。\n\n## 象征解释\n掉牙是常见焦虑象征，弗洛伊德联结阉割恐惧或无力感；荣格视为转变期标志，如青春期或中年危机。血象征生命力流失，暗示脆弱感。\n\n## 心理洞察\n反映对衰老、健康或形象丧失的潜意识恐惧，可能源于近期压力事件如工作变动或人际冲突。\n\n## 情绪关联\n恐惧主导，悲伤强化无力感，提示用户需处理未表达的焦虑。\n\n## 成长建议\n练习口腔卫生象征自我关怀；通过日记追踪焦虑源头；咨询牙医或心理师以缓解现实恐惧。
REC003,我参加重要考试，但全部答错，周围人嘲笑我。,2024-10-03 08:15:00,噩梦,"恐惧,愤怒",## 梦境概述\n用户梦见考试失败，被嘲笑。\n\n## 象征解释\n考试象征人生考验，失败反映自尊威胁。弗洛伊德视之为表现焦虑；荣格为阴影自我对抗。嘲笑者代表内化批判。\n\n## 心理洞察\n潜意识暴露完美主义或 impostor 综合征，可能源于过去学术/职业挫败。\n\n## 情绪关联\n恐惧源于失败预期，愤怒针对自责或外部判断，需转化成动力。\n\n## 成长建议\n设定小目标练习成功感；认知行为疗法挑战负面信念；回顾过去成就以建自信。
REC004,我与已故亲人重逢，一起野餐，温暖而幸福。,2024-10-04 07:00:00,美梦,快乐,## 梦境概述\n用户梦见与已故亲人重逢野餐，充满温暖。\n\n## 象征解释\n已故亲人象征未解决情感或内在指引，野餐代表滋养与连接。弗洛伊德为哀悼过程；荣格为祖先原型整合。\n\n## 心理洞察\n反映疗愈中的怀念，潜意识提供安慰，暗示情感成长。\n\n## 情绪关联\n快乐直接源于团聚喜悦，强化内在支持系统。\n\n## 成长建议\n创建纪念仪式如照片墙；感恩练习深化连接；若悲伤持续，考虑哀悼支持群。
REC005,一个黑影追逐我穿过森林，我拼命逃跑却无路可走。,2024-10-05 05:50:00,噩梦,恐惧,## 梦境概述\n用户梦见被黑影追逐于森林，无路可逃。\n\n## 象征解释\n追逐象征逃避恐惧，黑影为荣格阴影（压抑部分）；森林代表潜意识迷宫。弗洛伊德联结本我冲动。\n\n## 心理洞察\n暗示回避问题，如冲突或创伤，需直面以整合。\n\n## 情绪关联\n纯粹恐惧反映未处理威胁感，可能源于现实压力。\n\n## 成长建议\n阴影工作：写出恐惧源头；渐进暴露练习；运动释放逃跑能量。
REC006,我探索一个神秘岛屿，发现奇异植物和动物，一切平静有序。,2024-10-06 07:20:00,中性,"平静,其他",## 梦境概述\n用户梦见探索神秘岛屿，遇奇异生物，保持平静。\n\n## 象征解释\n岛屿象征内在世界，植物/动物为本能原型。荣格视之为自性探索；弗洛伊德为幻想逃避。\n\n## 心理洞察\n反映好奇与平衡，潜意识邀请新发现，可能预示生活转变。\n\n## 情绪关联\n平静主导，其他情绪暗示开放探索心态。\n\n## 成长建议\n旅行或 hobby 激发好奇；自然散步连接内在平静；记录洞察以追踪模式。
REC007,我变成一只鹰，在山间翱翔，时而恐惧高度，时而兴奋。,2024-10-07 06:30:00,其他,"快乐,恐惧",## 梦境概述\n用户梦见变身为鹰翱翔，混杂兴奋与恐惧。\n\n## 象征解释\n变形象征转变，鹰为荣格精神象征，代表视野与力量；高度恐惧联结弗洛伊德坠落焦虑。\n\n## 心理洞察\n反映身份探索，平衡雄心与恐惧，可能在职业/关系中。\n\n## 情绪关联\n快乐从自由，恐惧从未知，显示成长张力。\n\n## 成长建议\n可视化练习拥抱转变；高空瑜伽挑战恐惧；导师指导人生视野。
REC008,我丢失钱包，在人群中慌乱寻找，大家无动于衷。,2024-10-08 08:00:00,噩梦,"悲伤,愤怒",## 梦境概述\n用户梦见丢失钱包，人群冷漠。\n\n## 象征解释\n钱包象征安全/身份，丢失反映丧失恐惧。弗洛伊德为财富焦虑；荣格为自尊缺失。\n\n## 心理洞察\n暗示财务或支持系统不安全感，可能源于近期损失。\n\n## 情绪关联\n悲伤从丧失，愤怒从孤立，需重建信任。\n\n## 成长建议\n财务规划增强安全；社交练习求助；感恩现有资源。
REC009,我驾驶飞行汽车穿越云层，速度飞快，景色壮丽。,2024-10-09 07:10:00,美梦,快乐,## 梦境概述\n用户梦见驾驶飞行汽车穿越云层，享受速度与景色。\n\n## 象征解释\n飞行汽车融合科技与自由，象征创新超越。荣格为现代神话；弗洛伊德为愿望实现。\n\n## 心理洞察\n反映对进步与冒险的渴望，潜意识肯定创造力。\n\n## 情绪关联\n快乐源于掌控与美景，强化乐观。\n\n## 成长建议\n追求科技/创新项目；驾驶或飞行体验；设定大胆目标。
REC010,全家聚会吃饭，但突然争吵，大家指责我。,2024-10-10 06:55:00,中性,"平静,愤怒",## 梦境概述\n用户梦见家庭聚会转为争吵，被指责。\n\n## 象征解释\n家庭象征根源，争吵为未解冲突原型。弗洛伊德为俄狄浦斯张力；荣格为家族无意识。\n\n## 心理洞察\n反映归属欲与责备内化，可能源于童年模式。\n\n## 情绪关联\n平静掩盖愤怒，提示需表达界限。\n\n## 成长建议\n家庭沟通练习；界限设定；家族治疗若持续。
