人格类型,对比类型,对比报告
INTJ,INTP,"中文名：建筑师（INTJ）与逻辑学家（INTP）。维度：同为内向（I）、直觉（N）、思考（T）；差异在判断（J）与知觉（P）。核心差异：1）INTJ更愿先定方向再推进，INTP更愿保持开放、继续推敲；2）INTJ侧重把洞察落成长期方案，INTP侧重把概念拆清、追问前提；3）对外INTJ常显得更决断，INTP常显得更犹豫、更愿意修订；4）时间与收尾上，INTJ更在意节点，INTP更容易因完善想法而推迟定稿。相同点：都偏好独立思考，重视逻辑一致性，不太靠场面热闹获得能量。哪一型更接近你，请对照自己在“先收口还是先留白”上的常态自行判断，此处不下结论。仅供自我了解，不构成心理诊断。"
INFJ,INFP,"中文名：提倡者（INFJ）与调停者（INFP）。维度：同为内向（I）、直觉（N）、情感（F）；差异在判断（J）与知觉（P）。核心差异：1）INFJ更常把价值感收成清晰方向并协调他人，INFP更护住内在价值、抗拒被过早定型；2）INFJ对人际气氛和长远影响更敏感，INFP对个人真诚与意义一致更敏感；3）做决定时INFJ更愿形成结构，INFP更愿按当下真实感受保留弹性；4）压力下INFJ可能更紧、更想把局面理顺，INFP可能更退回内心重估价值。相同点：都重视意义与人的感受，偏好深度而非表面热闹，决策常先问“这是否符合所看重的东西”。请自行判断你更常先组织方向，还是先守住内在真实，不要由外部标签代替你的体验。仅供自我了解，不构成心理诊断。"
ENFJ,ENFP,"中文名：主人公（ENFJ）与竞选者（ENFP）。维度：同为外向（E）、直觉（N）、情感（F）；差异在判断（J）与知觉（P）。核心差异：1）ENFJ更愿把人与目标组织起来并跟进，ENFP更愿打开可能性、跟着热情移动；2）ENFJ对责任、节奏和他人期待更敏感，ENFP对新鲜刺激和真实表达更敏感；3）ENFJ收尾意识更强，ENFP更容易同时开启多个兴趣；4）冲突中ENFJ常想修复关系并推进共识，ENFP常想先说清感受再看还有哪些路。相同点：都从与人互动中获得能量，关注感受与潜能，善于鼓舞他人。你更接近先把人和事安顿好，还是先保留探索空间，请按日常习惯自行判断。仅供自我了解，不构成心理诊断。"
ENTJ,ENTP,"中文名：指挥官（ENTJ）与辩论家（ENTP）。维度：同为外向（E）、直觉（N）、思考（T）；差异在判断（J）与知觉（P）。核心差异：1）ENTJ倾向设定目标、配置资源并推动执行，ENTP倾向挑战假设、比较多种方案；2）ENTJ更不能忍受方向含糊和进度拖延，ENTP更不能忍受过早锁死结论；3）表达上ENTJ更像下指令和排优先级，ENTP更像抛问题和对辩；4）面对规则，ENTJ更愿用来达成结果，ENTP更愿检验它是否站得住。相同点：都偏好宏观思路和逻辑交锋，在讨论中活跃，不太满足于只守成规。请看你更常把讨论收成行动，还是把行动重新打开成问题，自行判断，此处不代下结论。仅供自我了解，不构成心理诊断。"
ISTJ,ISFJ,"中文名：物流师（ISTJ）与守卫者（ISFJ）。维度：同为内向（I）、实感（S）、判断（J）；差异在思考（T）与情感（F）。核心差异：1）ISTJ更依事实、职责和既定标准做判断，ISFJ更兼顾人情、照顾和关系稳定；2）指出问题时ISTJ更直接谈对错与流程，ISFJ更在意说法是否伤人；3）ISTJ的可靠常体现在把事做对，ISFJ的可靠常体现在把人安顿好；4）冲突里ISTJ可能坚持原则，ISFJ可能先缓和气氛再处理事情。相同点：都重视经验、承诺和可预期的秩序，做事偏踏实，不喜欢无根据的突然变化。你做决定时更常先问标准，还是先问谁会受影响，请自行对照。仅供自我了解，不构成心理诊断。"
ESTJ,ESFJ,"中文名：总经理（ESTJ）与执政官（ESFJ）。维度：同为外向（E）、实感（S）、判断（J）；差异在思考（T）与情感（F）。核心差异：1）ESTJ更用规则、效率和结果组织局面，ESFJ更用责任、礼数和他人需要组织局面；2）ESTJ纠偏时更谈任务是否完成，ESFJ纠偏时更谈关系是否妥帖；3）ESTJ对拖延和含糊更不耐，ESFJ对冷淡和被忽视更敏感；4）领导方式上ESTJ偏明确分工，ESFJ偏照应每个人是否跟上。相同点：都行动导向、重视现实安排和说到做到，习惯把日常事务理出秩序。请自行判断你更常以任务标准还是以人际妥帖来收场。仅供自我了解，不构成心理诊断。"
ISTP,ISFP,"中文名：鉴赏家（ISTP）与探险家（ISFP）。维度：同为内向（I）、实感（S）、知觉（P）；差异在思考（T）与情感（F）。核心差异：1）ISTP更关注事物如何运作、问题如何拆解，ISFP更关注体验是否真实、做法是否符合自己的感觉；2）ISTP处理紧张时倾向冷静动手，ISFP倾向退开保护内心空间；3）ISTP的表达常简洁、就事论事，ISFP的表达更含蓄、在意氛围；4）面对规则，ISTP看它是否实用，ISFP看它是否压迫个人价值。相同点：都偏好自主、当下体验和低约束，不喜欢被长时间说教或过度安排。你更接近用逻辑把手头问题修好，还是用感受决定要不要投入，请自行判断。仅供自我了解，不构成心理诊断。"
ESTP,ESFP,"中文名：企业家（ESTP）与娱乐家（ESFP）。维度：同为外向（E）、实感（S）、知觉（P）；差异在思考（T）与情感（F）。核心差异：1）ESTP更盯现实机会、风险和立刻能用的办法，ESFP更盯现场气氛、人是否尽兴；2）ESTP行动常为了试出什么有效，ESFP行动常为了分享体验和带动别人；3）争执时ESTP可能更直、更争结果，ESFP可能更在意别扫兴、别让人难堪；4）ESTP对无聊的容忍度低因为缺少刺激，ESFP对冷场的容忍度低因为缺少连接。相同点：都活在当下、反应快、从外部互动中充电，不爱长篇抽象规划。请按你更常优化局面还是暖场，自行判断更接近哪一型。仅供自我了解，不构成心理诊断。"
INTJ,INFJ,"中文名：建筑师（INTJ）与提倡者（INFJ）。维度：同为内向（I）、直觉（N）、判断（J）；差异在思考（T）与情感（F）。核心差异：1）INTJ用逻辑一致和战略效果筛选想法，INFJ用价值影响和人的长远状态筛选想法；2）INTJ指出问题时更少绕弯，INFJ更考虑表达方式对关系的后果；3）INTJ的远见偏系统和目标，INFJ的远见偏意义和人的成长；4）被质疑时INTJ更愿辩清道理，INFJ更愿确认动机与感受是否被理解。相同点：都向内获取能量，看重模式与长期方向，倾向把零散信息收成较完整的图景。你更常先问“是否合理有效”，还是先问“对人意味着什么”，请自行判断。仅供自我了解，不构成心理诊断。"
ENTJ,INTJ,"中文名：指挥官（ENTJ）与建筑师（INTJ）。维度：同为直觉（N）、思考（T）、判断（J）；差异在外向（E）与内向（I）。核心差异：1）ENTJ更通过讨论、调度和当场推进来形成方案，INTJ更通过独自思考把方案想透再出手；2）ENTJ能量来自外部互动与带领，INTJ能量来自专注与较少干扰的工作；3）ENTJ更主动公开主张并组织他人，INTJ更选择性表达、先观察再介入；4）同样追求效率时，ENTJ更不能忍受集体行动慢，INTJ更不能忍受思路被频繁打断。相同点：都重视长远目标、逻辑和结果，倾向做决定而不是无限拖延，对空泛表态耐心有限。你的思考主要在与人碰撞中完成，还是在安静推演中完成，请自行判断。仅供自我了解，不构成心理诊断。"
ENFP,INFP,"中文名：竞选者（ENFP）与调停者（INFP）。维度：同为直觉（N）、情感（F）、知觉（P）；差异在外向（E）与内向（I）。核心差异：1）ENFP更把想法说出来、在互动中点燃热情，INFP更在内心酝酿、确认是否真诚再表达；2）ENFP从外部反馈和新鲜连接中恢复能量，INFP从独处和与少数深交中恢复能量；3）ENFP更容易广泛尝试，INFP更容易守住少数真正在意的事；4）社交上ENFP主动打开话题，INFP选择性参与、需要更多缓冲。相同点：都看重可能性和个人价值，不喜欢被僵硬规则压过真实感受，决策时常保留调整空间。请看你的热情主要在对外分享中生长，还是在向内确认中生长，自行判断。仅供自我了解，不构成心理诊断。"
ESTJ,ISTJ,"中文名：总经理（ESTJ）与物流师（ISTJ）。维度：同为实感（S）、思考（T）、判断（J）；差异在外向（E）与内向（I）。核心差异：1）ESTJ更公开协调人与流程、当场纠偏，ISTJ更安静地按标准把分内事做完；2）ESTJ从组织与对外推进中获得能量，ISTJ从独立、可预期的工作中获得能量；3）ESTJ表达结论更直接、更频繁，ISTJ往往想清楚再简要说明；4）同样重视责任时，ESTJ更关注团队是否执行到位，ISTJ更关注事实、记录和自己的职责边界。相同点：都依据经验和明确标准做决定，重视可靠、秩序和说到做到，对含糊其辞缺少耐心。你更常出面把人带动起来，还是独自把标准落实，请自行判断。仅供自我了解，不构成心理诊断。"