任务标题,英文句子,句子来源,提取目标,难度等级,主干提取结果,创建时间,是否已复核,复核备注
基础句型练习1,The cat chased the mouse.,自编例句,主谓宾,基础,"句型：主谓宾。主语：The cat；谓语：chased；宾语：the mouse。说明：句子主干是“cat chased mouse”，介词短语或修饰成分不存在，结构清晰。",2026-05-18 09:00,是,结构清楚
基础句型练习2,She is a talented musician.,自编例句,主系表,基础,"句型：主系表。主语：She；系动词：is；表语：a talented musician。说明：is 连接主语和表语，表语说明主语身份。",2026-05-18 09:05,是,已确认
基础句型练习3,The baby slept peacefully.,自编例句,主谓,基础,"句型：主谓。主语：The baby；谓语：slept。说明：peacefully 是状语，修饰 slept，不属于句子主干。",2026-05-18 09:10,否,待复核状语标注
中等句型练习1,My brother bought a new laptop yesterday.,课堂材料,主谓宾,中等,"句型：主谓宾。主语：My brother；谓语：bought；宾语：a new laptop。说明：yesterday 是时间状语，主干为“brother bought laptop”。",2026-05-18 09:15,是,无
中等句型练习2,The soup tastes delicious after adding herbs.,课堂材料,主系表,中等,"句型：主系表。主语：The soup；系动词：tastes；表语：delicious。说明：tastes 在此为系动词，after adding herbs 是状语。",2026-05-18 09:20,是,无
中等句型练习3,Several students arrived late for the lecture.,课堂材料,主谓,中等,"句型：主谓。主语：Several students；谓语：arrived。说明：late 和 for the lecture 都是补充说明到达情况的状语成分。",2026-05-18 09:25,否,可补充状语说明
复杂句型练习1,The engineer who designed the bridge won an international award.,阅读材料,主谓宾,复杂,"句型：主谓宾。主语：The engineer who designed the bridge；谓语：won；宾语：an international award。说明：who designed the bridge 是定语从句，修饰 engineer，整体作主语。",2026-05-18 09:30,是,定语从句已注明
复杂句型练习2,What surprised everyone was his calm response.,阅读材料,主系表,复杂,"句型：主系表。主语：What surprised everyone；系动词：was；表语：his calm response。说明：主语从句作主语，was 连接主语和表语。",2026-05-18 09:35,否,需复核主语从句
复杂句型练习3,After the storm had passed, the villagers returned.,阅读材料,主谓,复杂,"句型：主谓。主语：the villagers；谓语：returned。说明：After the storm had passed 是时间状语从句，不属于主句主干。",2026-05-18 09:40,是,主句主干明确
综合句型练习1,The committee considered the proposal unacceptable.,考试真题改编,主谓宾,复杂,"句型：主谓宾。主语：The committee；谓语：considered；宾语：the proposal。说明：unacceptable 是宾语补足语，补充说明 proposal 的状态，主干仍可提取为“committee considered proposal”。",2026-05-18 09:45,否,可进一步标注宾补
