演示主题,内容材料,署名,演示场合,演示日期,输出版本,幻灯片文件
用户体验研究中的可用性测试方法,测试目标与指标；招募与场景设计；有声思维与眼动；数据分析模板；常见偏差与改进,赵敏,产品设计工作坊,2026-08-11,原版和时间轴版,{5107b5f8-5360-4074-921f-57edc63bf65d}.zip
榕树的气根,"榕树的气根
	基本认识
		定义与别称
			气根也叫气生根，是榕树（桑科榕属）适应高温多雨环境的一种特殊器官
			南方榕树长须飘动的样子以及城市中独木成林的奇观都离不开气根
		什么是气根
			气根是从榕树侧枝、树干横生出来暴露在空气中的不定根
			刚长出时只是细小须状物，表皮有许多皮孔，能直接进行气体交换
	气根的两大主要作用
		支撑与扩张
			这是最主要的作用
			榕树树冠极其巨大，原有主干难以支撑
			气根具有强烈向地性，不断向下生长
			接触土壤后像钻头扎入土中，迅速增粗木质化变成粗壮支柱根
			相当于安装无数副支撑，既防倒伏又让树冠持续向外扩张
		吸收与呼吸
			在热带雨林底层能吸收空气中的水分和养分
			南方多雨潮湿土壤氧气有时不足，空中气根帮助母体进行呼吸作用
	独木成林的生态奇迹
		形成过程
			枝条不断往外生长同时垂下大量气根
			气根落地生根后从根的角色转变为树干的角色
			继续支撑新枝条长出新气根，循环往复
			百年后一棵榕树覆盖面积可达上万平方米
		典型代表
			广东新会小鸟天堂（细叶榕）
			印度巨大的孟加拉榕树
	常见长胡子榕树与文化寓意
		常见种类
			细叶榕（Ficus microcarpa）：最常见，气根细长飘逸像老爷爷胡须，南方村庄常奉为风水树
			高山榕（Ficus altissima）：气根粗壮霸道，常绞杀其他植物或形成巨大板根和气根群
			孟加拉榕（Ficus benghalensis）：印度国树，独木成林最高境界，一棵树可成村庄集会广场
		文化寓意
			在福建、广东、台湾民俗中，气根连接母体和大地
			象征落地生根、开枝散叶
			榕树寿命极长气根繁茂，寓意家族兴旺、基业长青
		总结
			气根是植物适应自然的智慧结晶
			呈现了自然界最壮观的生命扩张力",,,2026-08-10,原版和时间轴版,{5dbc677d-9fcc-4176-838c-e521bffa537e}.zip
深度学习在医学影像诊断中的应用,1. 卷积神经网络基础回顾 2. CT/MRI影像预处理流程 3. U-Net与ResNet在病灶分割中的对比 4. 公开数据集与评价指标 5. 临床落地挑战与伦理问题,张明,医院科研周学术分享,2025-03-15,原版和时间轴版,
可持续城市交通规划实践,背景：城市拥堵与碳排放；案例：公交优先、慢行系统、TOD；数据：出行OD与碳核算方法；建议：分阶段实施路线图,李华,城市规划论坛,2025-04-08,仅原版,
中小学生阅读素养提升策略,阅读现状调研摘要；分级阅读与整本书阅读；家校社协同机制；评估量表设计；试点学校阶段性成果,王芳,基础教育研讨会,2025-05-20,原版和时间轴版,
供应链韧性与风险管理,全球供应链中断案例；风险评估矩阵；多元采购与库存策略；数字化可视平台；中小企业可落地清单,陈强,企业管理内训,2025-02-28,仅时间轴版,
碳中和路径下的能源结构转型,能源消费结构现状；风光储协同；电网灵活性；政策工具箱；区域试点经验对比,刘洋,能源政策座谈会,2025-06-12,原版和时间轴版,
用户体验研究中的可用性测试方法,测试目标与指标；招募与场景设计；有声思维与眼动；数据分析模板；常见偏差与改进,赵敏,产品设计工作坊,2025-03-30,仅原版,
乡村振兴背景下的数字农业,物联网传感与精准灌溉；农产品溯源；电商与冷链；人才与资金瓶颈；示范村成效数据,周杰,县域发展培训班,2025-07-05,原版和时间轴版,
学术写作中的论证结构与文献综述,问题提出与贡献声明；文献地图法；批判性综述写法；常见逻辑漏洞；投稿前自查清单,孙丽,研究生学术训练营,2025-04-18,仅时间轴版,
青少年心理健康支持体系建设,常见心理问题识别；校园三级预防；家校沟通话术；危机干预流程；资源对接与转介,吴静,教育系统专题会,2025-05-09,原版和时间轴版,
开源软件治理与企业合规,许可证类型速览；SBOM与依赖扫描；贡献者协议；内源与外源策略；审计整改步骤,郑伟,技术合规分享会,2025-08-21,仅原版,
博物馆展览叙事与观众体验设计,策展叙事主线；动线与展陈层次；互动媒介选择；无障碍与多语支持；观众反馈闭环,林雪,文博机构交流会,2025-09-14,原版和时间轴版,
