咨询主题,命盘图片,历法,出生日期,出生时间,性别,出生地,排盘口径,解盘结果
整体命盘,,公历,1990-03-15,08:30,男,北京市,三合派（兼飞星四化）,
事业,,公历,1988-11-02,14:20,女,上海市,三合派,
感情,,农历,1992-06-18,21:45,女,广州市,三合派（兼飞星四化）,
财运,,公历,1985-01-09,06:10,男,杭州市,三合派,
流年,,公历,1995-08-27,23:05,女,成都市,三合派（兼飞星四化）,
校对现有盘,sample_chart_01.jpg,公历,1987-04-12,10:00,男,南京市,按原盘口径校盘,
整体命盘,,农历,1993-02-08,04:40,女,西安市,三合派,
事业,,公历,1982-12-21,16:55,男,深圳市,三合派（兼飞星四化）,
感情,,公历,1991-09-03,12:15,男,武汉市,三合派,
财运,,农历,1989-07-25,19:30,女,重庆市,三合派,
流年,,公历,1996-05-16,01:20,男,天津市,三合派（兼飞星四化）,
整体命盘,,公历,1984-10-30,09:05,女,苏州市,三合派,