音频标题,文案标题,创建时间,解说音频
芯片,芯片变小的魔法速度,2026-08-05 12:00:13,{729a6c16-ca5b-423d-8e2f-4c90f32dd831}.mp3
量子宝宝超时空电话有声版,量子宝宝的超时空电话,2024-11-01 09:00:00,{{科普文案.生动解说}}
叶子阳光厨房解说音频,叶子的阳光厨房,2024-11-02 10:30:00,{{科普文案.生动解说}}
数字共享账本有声解说,数字世界的共享账本,2024-11-03 11:15:00,{{科普文案.生动解说}}
芯片魔法速度解说,芯片变小的魔法速度,2024-11-04 14:00:00,{{科普文案.生动解说}}
宇宙房间混乱真相音频,房间越来越乱的宇宙真相,2024-11-05 15:45:00,{{科普文案.生动解说}}
身体小卫士突击队解说,身体里的小卫士突击队,2024-11-06 16:20:00,{{科普文案.生动解说}}
谁先打电话游戏有声版,谁都不想先打电话的游戏,2024-11-07 09:30:00,{{科普文案.生动解说}}
声音乐高积木解说音频,把复杂声音变成乐高积木,2024-11-08 10:00:00,{{科普文案.生动解说}}
太空终极吸尘器有声,太空中的终极吸尘器,2024-11-09 13:10:00,{{科普文案.生动解说}}
化学反应红娘解说,化学反应的红娘,2024-11-10 14:50:00,{{科普文案.生动解说}}
古代有罪假设逻辑音频,先假设你有罪的古代逻辑,2024-11-11 11:40:00,{{科普文案.生动解说}}
大象装冰箱数学拆解解说,把大象装进冰箱的数学拆解,2024-11-12 16:00:00,{{科普文案.生动解说}}
