植物图片,检测结果
tomato_germination_01.jpg,"阶段名称：发芽期；置信度：0.91；阶段性通用养护方向：维持稳定温湿与适度光照，避免过干或过湿，以利于幼芽出土与初始生长。"
cucumber_seedling_02.jpg,"阶段名称：幼苗期；置信度：0.88；阶段性通用养护方向：保证充足散射光与均匀水分，促进根系与真叶稳健发育，避免过度荫蔽。"
lettuce_vegetative_03.jpg,"阶段名称：生长期；置信度：0.93；阶段性通用养护方向：保持光照与水肥供应相对均衡，关注叶片扩展与株型稳定，避免剧烈环境波动。"
pepper_flower_bud_04.jpg,"阶段名称：开花期；置信度：0.86；阶段性通用养护方向：维持通风与适宜光照，减少剧烈温差，以利于花芽发育与正常开放。"
strawberry_fruiting_05.jpg,"阶段名称：结果期；置信度：0.90；阶段性通用养护方向：保持水分与营养相对稳定，关注坐果后的整体长势，避免忽干忽湿。"
tomato_ripening_06.jpg,"阶段名称：成熟期；置信度：0.94；阶段性通用养护方向：维持稳定环境，关注果实转色与成熟进程，减少不必要扰动。"
rose_cotyledon_07.jpg,"阶段名称：发芽期；置信度：0.84；阶段性通用养护方向：保持基质湿润但不积水，提供温和光照，利于子叶展开。"
chili_trueleaf_08.jpg,"阶段名称：幼苗期；置信度：0.89；阶段性通用养护方向：随真叶增加逐步保证光照，保持水分均匀，促进幼苗健壮。"
eggplant_bloom_09.jpg,"阶段名称：开花期；置信度：0.87；阶段性通用养护方向：保证光照与空气流通，环境变化宜平缓，以利于开花进程。"
grape_fruitset_10.jpg,"阶段名称：结果期；置信度：0.85；阶段性通用养护方向：维持水肥与光照相对稳定，关注果实发育整体趋势。"
apple_maturity_11.jpg,"阶段名称：成熟期；置信度：0.92；阶段性通用养护方向：保持环境平稳，关注成熟特征显现，减少频繁干预。"
basil_vegetative_12.jpg,"阶段名称：生长期；置信度：0.90；阶段性通用养护方向：保证充足光照与适度水分，促进茎叶持续生长，避免极端干旱或过湿。"