主题,风格,受众,分享场景,分享时长分钟,原始素材说明,图片截图要求,主题色,硬约束,Markdown结果
清华教师：现在已经不会上课了,瑞士国际主义风,,私享会,30,AI，冲击高校课堂,,墨水经典,,{df19d7b7-a5dc-4d07-b0a8-fbeb34439aaf}.md
AI Agent 研究,电子杂志风,,行业内部,30,,,IKB蓝,,{2ef744f8-dbf3-4b14-af7b-6e66c119ceb0}.md
AI驱动的智能客服系统,电子杂志风,产品经理与运营人员,商业发布,25,客服对话日志与用户满意度数据,需截取3张对话界面与1张数据图表,靛蓝瓷,避免超过15页且每页文字不超过80字,[PPT链接](https://www.ithinkair.com:3031/private/8f3a2c1e-4b7d-4e2a-9f1c-6d8e9f2a1b3c)
企业碳中和战略规划,瑞士国际主义风,高管团队,行业内部,40,碳排放Excel表格与政策文件,截取5张趋势图与2张对比表格,森林墨,禁止使用动画且必须包含数据来源标注,[PPT链接](https://www.ithinkair.com:3031/private/2b4d7e9f-1a3c-4f8b-9e2d-7c6a5b4e3f2d)
消费级AR眼镜产品发布,电子杂志风,投资人与媒体,商业发布,30,产品原型图与用户测试视频截图,需截取4张产品渲染图与1张用户佩戴实拍,柠檬黄,每页必须有二维码且总时长控制在30分钟内,[PPT链接](https://www.ithinkair.com:3031/private/7c9e2f1a-3b4d-4e8f-9a2c-5d6e7f8a9b1c)
开源大模型社区治理,瑞士国际主义风,开发者与研究者,Demo Day,20,GitHub仓库数据与贡献者统计,截取3张代码提交热力图与2张社区分布图,IKB蓝,硬性要求使用英文标题且图片分辨率不低于300dpi,[PPT链接](https://www.ithinkair.com:3031/private/1a2b3c4d-5e6f-4a7b-8c9d-0e1f2a3b4c5d)
奢侈品可持续供应链,电子杂志风,供应链高管,私享会,35,供应商审计报告与碳足迹数据,需截取6张工厂实拍与3张流程图,牛皮纸,禁止出现竞品名称且每页底部必须有页码,[PPT链接](https://www.ithinkair.com:3031/private/9f8e7d6c-5b4a-4e3f-2d1c-0b9a8f7e6d5c)
城市数字孪生平台,瑞士国际主义风,政府规划部门,线下分享,45,3D城市模型截图与IoT传感器数据,截取4张三维可视化与2张实时数据仪表盘,沙丘,总页数不超过20页且必须包含数据更新时间戳,[PPT链接](https://www.ithinkair.com:3031/private/3c4d5e6f-7a8b-4c9d-0e1f-2a3b4c5d6e7f)
教育科技SaaS产品迭代,电子杂志风,学校教师与教务主任,行业内部,15,学生学习行为日志,需截取3张学生仪表盘截图与1张成绩对比图,柠檬绿,禁止使用超过3种字体且所有图表必须有色盲友好配色,[PPT链接](https://www.ithinkair.com:3031/private/6e7f8a9b-0c1d-4e2f-3a4b-5c6d7e8f9a0b)
新能源汽车电池技术,瑞士国际主义风,汽车工程师,商业发布,30,电池循环测试数据与专利列表,截取5张测试曲线图与2张结构爆炸图,安全橙,硬性要求每页必须有数据来源且总文件大小<50MB,[PPT链接](https://www.ithinkair.com:3031/private/4d5e6f7a-8b9c-4d0e-1f2a-3b4c5d6e7f8a)
元宇宙社交产品Demo,电子杂志风,创作者与KOL,Demo Day,20,用户UGC内容截图与互动热力图,需截取4张虚拟场景渲染与3张用户头像,[PPT链接](https://www.ithinkair.com:3031/private/2f3a4b5c-6d7e-4f8a-9b0c-1d2e3f4a5b6c)
农业无人机植保方案,瑞士国际主义风,农场主与农机合作社,线下分享,25,农田航拍图与喷洒轨迹数据,截取6张正射影像与2张作业效率柱状图,墨水经典,禁止出现具体价格且所有图片必须添加水印,[PPT链接](https://www.ithinkair.com:3031/private/8a9b0c1d-2e3f-4a5b-6c7d-8e9f0a1b2c3d)
