分析编号,录音编号,分析说明,词云图文件
ANA97529139,REC11245804,单词,{c0093ffc-2a8f-4f44-91c1-d8ff6e46d319}.png
ANA60588399,R001,订单,{cdad9a97-575a-4d32-b09d-23f06a3e3e64}.md
C001,R001,对录音R001的词汇分析，提取高频关键词,wordcloud_R001.png
C002,R002,分析R002中的主题词汇,wordcloud_R002.png
C003,R003,识别R003中的主要讨论内容,wordcloud_R003.png
C004,R004,统计R004的高频词,wordcloud_R004.png
C005,R005,生成R005的词云图,wordcloud_R005.png
C006,R006,分析R006中的核心词汇,wordcloud_R006.png
C007,R007,提取R007的关键词,wordcloud_R007.png
C008,R008,对R008进行词汇统计,wordcloud_R008.png
C009,R009,生成R009的词云,wordcloud_R009.png
C010,R010,分析R010中的词汇分布,wordcloud_R010.png
